hotel,city,text
Hotel Grand Candi,Semarang,hotel mahal sepuluh juta permalam
Hotel Grand Candi,Semarang,sarapan variasi makanan banyak
Hotel Grand Candi,Semarang,harga sesuai
Hotel Grand Candi,Semarang,harga parkir setengah harga kamar
Hotel Grand Candi,Semarang,kamar_mandi cukup bagus bersih kondisi shower baik
Hotel Grand Candi,Semarang,hotel memakai protokol keamanan baik
Hotel Grand Candi,Semarang,tidak_punya standar pelayanan
Hotel Grand Candi,Semarang,staff ramah khas jogja
Hotel Grand Candi,Semarang,satff tidak_profesional
Hotel Grand Candi,Semarang,order menu makan_siang gratis pengantaran gratis es_boba
Hotel Grand Candi,Semarang,semua staff memiliki pelayanan baik semangat tinggi
Hotel Grand Candi,Semarang,lokasi masuk gang kecil sulit dicari
Hotel Grand Candi,Semarang,sarapan biasa
Hotel Grand Candi,Semarang,masuk tidak_ada ucapan welcome
Hotel Grand Candi,Semarang,staff tidak_berseragam
Hotel Grand Candi,Semarang,kamar kotor ada bungkus permen
Hotel Grand Candi,Semarang,laundry murah
Hotel Grand Candi,Semarang,kasur hanya matras keras
Hotel Grand Candi,Semarang,staff parkir tidak_ada
Hotel Grand Candi,Semarang,kebetulan nginap ada promo dapat harga miring
Hotel Grand Candi,Semarang,air_panas berfungsi baik
Hotel Grand Candi,Semarang,pancuran kamar_mandi perlu diperbaiki
Hotel Grand Candi,Semarang,staff melempar menyalahkan agoda
Hotel Grand Candi,Semarang,makan_malam rooftop suasana romantis tenang
Hotel Grand Candi,Semarang,harga ramah_kantong didapat sesuai
Hotel Grand Candi,Semarang,lorong bau rokok
Hotel Grand Candi,Semarang,sulit cari makanan lokasi jalan jauh
Hotel Grand Candi,Semarang,pelayanan perlu ditingkatkan
Hotel Grand Candi,Semarang,hotel minimalis unik banyak lukisan dinding
Hotel Grand Candi,Semarang,tidak_sangka menu makanan enak
Hotel Grand Candi,Semarang,memiliki desain interior eksterior cantik
Hotel Grand Candi,Semarang,akses pusat_kota arah lembang mudah
Hotel Grand Candi,Semarang,resto tutup setelah sarapan
Hotel Grand Candi,Semarang,sayang sarapan harus bayar
Hotel Grand Candi,Semarang,kamar_mandi nyaman ada shower bathtub
Hotel Grand Candi,Semarang,harga murah tempat mewah premium
Hotel Grand Candi,Semarang,tambah staff parkir basemant
Hotel Grand Candi,Semarang,lengkap pilihan jamu jamu segar
Hotel Grand Candi,Semarang,hotel letak strategis pusat_kota
Hotel Grand Candi,Semarang,pelayanan tidak_memuaskan satpam terang_terangan julid tamu depan keluarga
Hotel Grand Candi,Semarang,harga tidak_sesuai promo
Hotel Grand Candi,Semarang,hidangan nikmat dihidangkan hangat
Hotel Grand Candi,Semarang,sarapan sedikit variasi
Hotel Grand Candi,Semarang,wifi tidak_bisa diakses
Hotel Grand Candi,Semarang,kamar tidak_sesuai pesanan
Hotel Grand Candi,Semarang,tidak_enak pelayanan
Hotel Grand Candi,Semarang,rooftop asik nongkrong
Hotel Grand Candi,Semarang,peralatan fitness center cukup lengkap
Hotel Grand Candi,Semarang,bell_boy tidak_ada
Hotel Grand Candi,Semarang,pelayanan profesional
Hotel Grand Candi,Semarang,hotel pelayanan buruk
Hotel Grand Candi,Semarang,sate enak
Hotel Grand Candi,Semarang,ada makanan basi
Hotel Grand Candi,Semarang,tidak_ada pendingin ruangan
Hotel Grand Candi,Semarang,satpam tidak_bisa mengatur mobil drop_off penumpang
Hotel Grand Candi,Semarang,tidak_ramah datang checkin
Hotel Grand Candi,Semarang,lokasi baik suka foto
Hotel Grand Candi,Semarang,booking via promo murah
Hotel Grand Candi,Semarang,handuk putih warna jadi kuning
Hotel Grand Candi,Semarang,harga mahal
Hotel Grand Candi,Semarang,tempat_makan enak sarapan
Hotel Grand Candi,Semarang,waktu checkin kamar lama menunggu
Hotel Grand Candi,Semarang,arsitektur menarik
Hotel Grand Candi,Semarang,bawa mobil bayar harga jaga
Hotel Grand Candi,Semarang,rasa makanan biasa cenderung hambar tidak_ada rasa
Hotel Grand Candi,Semarang,hotel jauh kota
Hotel Grand Candi,Semarang,menu makanan tidak_selera dapat sisa sedikit
Hotel Grand Candi,Semarang,makanan murah sekeliling hotel
Hotel Grand Candi,Semarang,aktivitas anak hanya kolam_renang
Hotel Grand Candi,Semarang,tempat sarapan luas tersedia coffee_shop
Hotel Grand Candi,Semarang,hotel rekomendasi pelancong
Hotel Grand Candi,Semarang,suasana sekitar nyaman
Hotel Grand Candi,Semarang,tekanan shower lambat
Hotel Grand Candi,Semarang,sarapan banyak variasi perut tidak_kuat coba
Hotel Grand Candi,Semarang,tidak_ada staff bantu menurunkan barang
Hotel Grand Candi,Semarang,lobi panas ac tidak_terasa kamar_mandi umum panas
Hotel Grand Candi,Semarang,hotel bangunan luar tampak klasik
Hotel Grand Candi,Semarang,staff jutek bentak_bentak marah
Hotel Grand Candi,Semarang,ada kulkas ac tv brankas hair_dryer
Hotel Grand Candi,Semarang,pembersihan kamar harian tidak_ada
Hotel Grand Candi,Semarang,gedung luar tampak tidak_menarik
Hotel Grand Candi,Semarang,taman ada spot foto becak dokar
Hotel Grand Candi,Semarang,respon ditelepon cepat tanggap
Hotel Grand Candi,Semarang,hotel bintang_empat tergolong murah
Hotel Grand Candi,Semarang,masih dalam kota
Hotel Grand Candi,Semarang,suasana nyaman
Hotel Grand Candi,Semarang,menu resto enak pas lidah
Hotel Grand Candi,Semarang,tidak_ada kids play area
Hotel Grand Candi,Semarang,kamar tidak_kedap_suara
Hotel Grand Candi,Semarang,harga kamar murah
Hotel Grand Candi,Semarang,resepsionis ramah
Hotel Grand Candi,Semarang,kamar luas living_room kasur terpisah
Hotel Grand Candi,Semarang,jalan menuju hotel jalan jauh
Hotel Grand Candi,Semarang,harga mahal tidak_sesuai
Hotel Grand Candi,Semarang,akses jalan sempit bawa mobil
Hotel Grand Candi,Semarang,kamar nyaman tidak_bising terletak pusat_kota dekat pusat_kota
Hotel Grand Candi,Semarang,checkin checkout cepat mudah
Hotel Grand Candi,Semarang,kamar mewah ada dapur mini_dapur
Hotel Grand Candi,Semarang,access card kamar tidak_berfungsi
Hotel Grand Candi,Semarang,alat_makanan seperti warteg
Hotel Grand Candi,Semarang,sarapan variasi pilihan makanan indonesia
Hotel Grand Candi,Semarang,makanan lauk sedikit
Hotel Grand Candi,Semarang,banyak wallpaper kamar terkelupas
Hotel Grand Candi,Semarang,petunjuk parkir tidak_jelas
Hotel Santika,Semarang,tempat terletak agak jauh ubud_center
Hotel Santika,Semarang,air_mineral alat_mandi harus bayar tidak_termasuk harga kamar
Hotel Santika,Semarang,ruang_makan ada tempat duduk luar
Hotel Santika,Semarang,ballroom luas cocok acara konser ulang_tahun acara besar
Hotel Santika,Semarang,air_minum bayar
Hotel Santika,Semarang,tambah papan petunjuk jalan
Hotel Santika,Semarang,harga kamar murah sesuai
Hotel Santika,Semarang,ada spaghetti singapore keren
Hotel Santika,Semarang,enak roti gandum
Hotel Santika,Semarang,kolam_renang tidak_seperti bayangkan
Hotel Santika,Semarang,jendela kamar rusak tidak_bisa dibuka
Hotel Santika,Semarang,penerangan kamar bagus
Hotel Santika,Semarang,ada swalayan besar berjarak lima menit jalan_kaki
Hotel Santika,Semarang,meeting_point grab gofood jauh lobi
Hotel Santika,Semarang,pelayanan oke mulai checkin checkout
Hotel Santika,Semarang,interior kamar minimalis unik
Hotel Santika,Semarang,toilet hotel tempat driver kotor menjijikan
Hotel Santika,Semarang,menu sarapan nasi_kuning porsi kecil
Hotel Santika,Semarang,akses jalan menuju lokasi jalan_utama sempit hanya muat satu mobil
Hotel Santika,Semarang,jalan lokasi sulit
Hotel Santika,Semarang,kamar ramah anak
Hotel Santika,Semarang,petunjuk arah kiblat kamar tidak_ada
Hotel Santika,Semarang,tempat sepi mengerikan
Hotel Santika,Semarang,staff respon lama
Hotel Santika,Semarang,deposit mahal lima_ratus_ribu
Hotel Santika,Semarang,sky bar kolam_renang area publik instagrammable
Hotel Santika,Semarang,momen sarapan merusak semua mood
Hotel Santika,Semarang,tidak_cocok bawa orang_tua akses kamar batu tangga
Hotel Santika,Semarang,kamar bersih suka amenitis menggunakan natasha
Hotel Santika,Semarang,harga terjangkau
Hotel Santika,Semarang,staff resto tidak_ramah
Hotel Santika,Semarang,pilihan makanan sarapan banyak
Hotel Santika,Semarang,coba angkringannya
Hotel Santika,Semarang,harga kamar satu_juta tidak_sesuai
Hotel Santika,Semarang,parkir luas ada basement
Hotel Santika,Semarang,bisa keliling hotel pakai sepeda hotel
Hotel Santika,Semarang,pelayanan staff tidak_beri handuk kolam_renang
Hotel Santika,Semarang,ada bar hadap kolam_renang cantik
Hotel Santika,Semarang,suasana hotel tenang
Hotel Santika,Semarang,ramah senang pelayanan
Hotel Santika,Semarang,checkin efisien cekatan mantap
Hotel Santika,Semarang,puas pelayanan
Hotel Santika,Semarang,menu sarapan biasa tidak_lengkap
Hotel Santika,Semarang,hotel tidak_ada genset
Hotel Santika,Semarang,kamar ada ruang_tamu sofa ruang_makan kulkas microwave cangkir teko
Hotel Santika,Semarang,air_mineral botol bayar
Hotel Santika,Semarang,harga mahal tidak_termasuk sarapan
Hotel Santika,Semarang,sarapan ada tambahan_biaya
Hotel Santika,Semarang,harga terbilang murah adanya potongan
Hotel Santika,Semarang,makanan sarapan tidak_enak hambar
Hotel Santika,Semarang,tempat_parkir tidak_aman
Hotel Santika,Semarang,lokasi dekat jalan_utama
Hotel Santika,Semarang,meminjam mukena diantar cepat
Hotel Santika,Semarang,makanan sarapan tidak_gambar tidak_bumbu hambar
Hotel Santika,Semarang,amenities gratis
Hotel Santika,Semarang,pelayanan ramah menerapkan prokes ketat
Hotel Santika,Semarang,lokasi pinggir_jalan mudah ditemukan
Hotel Santika,Semarang,overprice fasilitas seperti itu
Hotel Santika,Semarang,pelayanan makan lama pesan gorengan satu jam
Hotel Santika,Semarang,sprei kotor ada bercak
Hotel Santika,Semarang,lokasi menarik
Hotel Santika,Semarang,bau kamar apek
Hotel Santika,Semarang,desain interior hotel minimalis instagrammable
Hotel Santika,Semarang,mesin_cuci bisa digunakan ac dingin
Hotel Santika,Semarang,dessert tidak_segar pudding rasa hambar
Hotel Santika,Semarang,dinding kamar tidak_kedap_suara
Hotel Santika,Semarang,kebersihan balkon kamar_mandi harus ditingkatkan
Hotel Santika,Semarang,checkin tidak_jelas antre panjang
Hotel Santika,Semarang,pelayanan tempat_makanan baik
Hotel Santika,Semarang,sarapan istri ditagih tambahan_biaya
Hotel Santika,Semarang,kamar_mandi kran bocor kotor
Hotel Santika,Semarang,sarapan tidak_banget hanya nasi putih tahu sayur urap peyek
Hotel Santika,Semarang,harga tidak_termasuk fasilitas tisu handuk keset
Hotel Santika,Semarang,harga turun
Hotel Santika,Semarang,layout kamar modern compact
Hotel Santika,Semarang,upgrade bayar seratus_lima_puluh_ribu tidak_sesuai
Hotel Santika,Semarang,harga terbaik
Hotel Santika,Semarang,akses menuju kamar harus jalan_kaki menanjak
Hotel Santika,Semarang,lokasi hotel malam jalan gelap
Hotel Santika,Semarang,sarapan hanya nasgor teh
Hotel Santika,Semarang,jauh kawasan padat lalu_lintas tenang
Hotel Santika,Semarang,harga hotel lebih_murah dibanding hotel lain
Hotel Santika,Semarang,wastafel mampet
Hotel Santika,Semarang,harga tidak_reasonable
Hotel Santika,Semarang,ada beberapa permainan outdoor
Hotel Santika,Semarang,kolam_renang tidak_ada air_panas
Hotel Santika,Semarang,kecewa awal checkin tidak_sesuai pesanan
Hotel Santika,Semarang,tempat_parkir mobil tidak_ada sulit menurunkan barang
Hotel Santika,Semarang,ada stand butik wanita
Hotel Santika,Semarang,sarapan bisa buat roti_bakar sendiri
Hotel Santika,Semarang,banyak hiasan mural setiap kamar
Hotel Santika,Semarang,sarapan nasi dingin sup tidak_hangat
Hotel Santika,Semarang,jalan masuk sempit mobil
Hotel Santika,Semarang,tidak_layak_pakai warna pudar tidak_nyaman dilihat dipakai
Hotel Santika,Semarang,harga fantastis ekonomis bersahabat
Hotel Santika,Semarang,ada staff hotel siap bantu vallet_parking
Hotel Santika,Semarang,tidak_sesuai sarapan harga lima_belas_ribu porsi
Hotel Santika,Semarang,posisi bangunan hotel menempel jalan tidak_memungkinkan membawa mobil
Hotel Santika,Semarang,pemandangan indah
Hotel Santika,Semarang,harga terjangkau sesuai fasilitas berikan
Hotel Santika,Semarang,tidak_tanggap layani tamu
Hotel Santika,Semarang,kolam_renang seperti kolam_renang pribadi
Hotel Santika,Semarang,aroma sprei terlalu wangi bikin pusing
Hotel Santika,Semarang,sarapan tidak_memuaskan
Hotel Aston,Yogyakarta,kotak tempat taruh kunci menyalakan listrik tidak_otomatis
Hotel Aston,Yogyakarta,alat_makan kotor
Hotel Aston,Yogyakarta,jalan masuk hotel kecil sulit
Hotel Aston,Yogyakarta,kasur besar
Hotel Aston,Yogyakarta,kamar memiliki aroma keharuman bunga khas
Hotel Aston,Yogyakarta,pelayanan ramah profesional
Hotel Aston,Yogyakarta,hotel rekomendasi backpacker
Hotel Aston,Yogyakarta,sopan tamu
Hotel Aston,Yogyakarta,kamar rapi
Hotel Aston,Yogyakarta,tidak_ada lift khusus barang
Hotel Aston,Yogyakarta,beberapa tempat jauh dijangkau jalan_kaki
Hotel Aston,Yogyakarta,lokasi strategis tempat perbelanjaan rumah_sakit kuliner wisata
Hotel Aston,Yogyakarta,tv kabel tidak_ada
Hotel Aston,Yogyakarta,lokasi jauh masuk desa
Hotel Aston,Yogyakarta,pilihan menu sarapan jangan_diragukan
Hotel Aston,Yogyakarta,sarapan setengah_sembilan banyak makanan habis
Hotel Aston,Yogyakarta,pengantaran koper terlalu lama
Hotel Aston,Yogyakarta,hotel agak masuk tidak_ada papan petunjuk jelas
Hotel Aston,Yogyakarta,dekat cari makan banyak area hotel
Hotel Aston,Yogyakarta,perbaiki gym center kolam_renang
Hotel Aston,Yogyakarta,makanan nikmat
Hotel Aston,Yogyakarta,harga kamar ideal
Hotel Aston,Yogyakarta,setiap kamar ada pembuat kopi
Hotel Aston,Yogyakarta,perjalanan bandara lama
Hotel Aston,Yogyakarta,halaman depan tidak_nyaman parkir
Hotel Aston,Yogyakarta,area hotel luas
Hotel Aston,Yogyakarta,sarapan banyak variasi menu masakan jawa pecel soto lauk
Hotel Aston,Yogyakarta,satpam bantu
Hotel Aston,Yogyakarta,tidak_rekomendasi pelancong
Hotel Aston,Yogyakarta,desain kamar baik melebih ekspektasi
Hotel Aston,Yogyakarta,lokasi nylempit
Hotel Aston,Yogyakarta,tempat dekat indomaret
Hotel Aston,Yogyakarta,lokasi tepat setelah pintu masuk arah kampung daun
Hotel Aston,Yogyakarta,tengkleng kuah tidak_panas tidak_segar
Hotel Aston,Yogyakarta,ac bocor bersuara keras
Hotel Aston,Yogyakarta,pelayanan ramah luar_biasa
Hotel Aston,Yogyakarta,lingkungan tentram
Hotel Aston,Yogyakarta,ada wakeup pelayanan
Hotel Aston,Yogyakarta,hotel area ruko belakang rs
Hotel Aston,Yogyakarta,tisu kamar_mandi kamar habis
Hotel Aston,Yogyakarta,akses masuk hotel sulit posisi tikungan
Hotel Aston,Yogyakarta,tidak_perlu bohong staff depan
Hotel Aston,Yogyakarta,waktu takjil buka_puasa makanan tidak_banyak pilihan
Hotel Aston,Yogyakarta,dekat stasiun pancol seberang mall paragon dekat tempat_kuliner enak
Hotel Aston,Yogyakarta,pelayanan oke
Hotel Aston,Yogyakarta,amenities lengkap ada handbody sisir alat_cukur
Hotel Aston,Yogyakarta,tidak_semua kamar pemandangan baik
Hotel Aston,Yogyakarta,lokasi tengah pemukiman sulit ditemukan
Hotel Aston,Yogyakarta,tidak_ada arah petunjuk jalan
Hotel Aston,Yogyakarta,hotel gelap seram
Hotel Aston,Yogyakarta,bisa minta pemandangan gunung
Hotel Aston,Yogyakarta,seragam staff cantik
Hotel Aston,Yogyakarta,dekat masjid hartono_mall toga_mas gudeg_gejayan
Hotel Aston,Yogyakarta,menu sarapan tidak_memuaskan
Hotel Aston,Yogyakarta,makanan sedikit anyep
Hotel Aston,Yogyakarta,tempat_parkir lobi cukup jauh
Hotel Aston,Yogyakarta,posisi hotel berada komplek perumahan dalam
Hotel Aston,Yogyakarta,sekitaran kolam_renang anak licin
Hotel Aston,Yogyakarta,ada anak kecoa prasmanan makanan
Hotel Aston,Yogyakarta,pelayanan tidak_memuaskan
Hotel Aston,Yogyakarta,promo keren murah seru
Hotel Aston,Yogyakarta,furniture kamar tua beberapa berlubang
Hotel Aston,Yogyakarta,sprei banyak tungau
Hotel Aston,Yogyakarta,checkin lancar cepat
Hotel Aston,Yogyakarta,kamar_mandi berkarat berlumut
Hotel Aston,Yogyakarta,sajian melimpah western tradisional
Hotel Aston,Yogyakarta,pemandangan bagus arah kota
Hotel Aston,Yogyakarta,menu membakar lebih sedikit mentah
Hotel Aston,Yogyakarta,staff pelayanan tidak_sopan tidak_ajar
Hotel Aston,Yogyakarta,penampilan staff cantik
Hotel Aston,Yogyakarta,akses mudah
Hotel Aston,Yogyakarta,lokasi strategis suasa tenang
Hotel Aston,Yogyakarta,jalan masuk agak kecil lebih_baik menggunakan google_maps
Hotel Aston,Yogyakarta,snack dijual murah
Hotel Aston,Yogyakarta,ada jogging_track
Hotel Aston,Yogyakarta,tidak_ada tv kamar_utama disayangkan
Hotel Aston,Yogyakarta,jalan menuju lokasi terjal sempit
Hotel Aston,Yogyakarta,anggaran minimalis
Hotel Aston,Yogyakarta,kue makanan enak
Hotel Aston,Yogyakarta,harga oke murah
Hotel Aston,Yogyakarta,sarapan tidak_ada
Hotel Aston,Yogyakarta,makanan enak
Hotel Aston,Yogyakarta,tempat strategis
Hotel Aston,Yogyakarta,sarapan minimalis
Hotel Aston,Yogyakarta,makanan variasi enak masak tradisional jamu western
Hotel Aston,Yogyakarta,harga hotel tidak_pas kantong
Hotel Aston,Yogyakarta,ada kebijakan ada masalah jangan_membuat customer kecewa
Hotel Aston,Yogyakarta,pelayanan tidak_menyenangkan tamu menunggu lama
Hotel Aston,Yogyakarta,menunggu refill makanan lama
Hotel Aston,Yogyakarta,pelayanan staff hotel memuaskan
Hotel Aston,Yogyakarta,rekomendasi pelancong backpacker
Hotel Aston,Yogyakarta,roti kukusnya enak
Hotel Aston,Yogyakarta,pelayanan baik cepat tanggap
Hotel Aston,Yogyakarta,staff hotel ramah tanggap
Hotel Aston,Yogyakarta,tampak luar hotel sederhana
Hotel Aston,Yogyakarta,taman berasa eropa
Hotel Aston,Yogyakarta,fasilitas kamar lengkap mulai bathtub hair_dryer brankas kulkas lemari heater sandal handuk
Hotel Aston,Yogyakarta,memiliki banyak saluran tv
Hotel Aston,Yogyakarta,lokasi tidak_diragukan pusat_kota
Hotel Aston,Yogyakarta,maintenance hotel baik
Hotel Aston,Yogyakarta,ramah pengunjung
Hotel Aston,Yogyakarta,remote tv sulit pindah saluran
Hotel Aston,Yogyakarta,susu sangat cair rasa seperti air_putih
Hotel Aston,Yogyakarta,alat_mandi hanya dapat satu sabun
Hotel Tentrem,Yogyakarta,lokasi mendukung
Hotel Tentrem,Yogyakarta,sarapan cepat habis
Hotel Tentrem,Yogyakarta,hotel tidak_nyaman
Hotel Tentrem,Yogyakarta,resepsionis menjawab cek nyatanya tidak_cek
Hotel Tentrem,Yogyakarta,teko masak air kotor bau
Hotel Tentrem,Yogyakarta,ada lokasi golf kolam_renang pepohonan rindang tetap nyaman renang
Hotel Tentrem,Yogyakarta,harga asik murah
Hotel Tentrem,Yogyakarta,karpet kotor debu tebal
Hotel Tentrem,Yogyakarta,sarapan variasi mantap rasa
Hotel Tentrem,Yogyakarta,sinyal wifi hilang masuk kamar
Hotel Tentrem,Yogyakarta,akses menuju lokasi ekstrem medan
Hotel Tentrem,Yogyakarta,telepon meja mati
Hotel Tentrem,Yogyakarta,harga cukup rendah murah
Hotel Tentrem,Yogyakarta,suasana sunyi jadi bisa rileks bisa menuangkan ide kamar
Hotel Tentrem,Yogyakarta,kunci kamar diberi satu
Hotel Tentrem,Yogyakarta,suara kamar tidak_kedap_suara sebelah terdengar
Hotel Tentrem,Yogyakarta,hotel konsep go_green_environment baik
Hotel Tentrem,Yogyakarta,pembatasan jumlah pengunjung kolam_renang
Hotel Tentrem,Yogyakarta,jalan menuju hotel sempit berliku
Hotel Tentrem,Yogyakarta,posisi gang sempit
Hotel Tentrem,Yogyakarta,resepsionis tidak_welcome agresif
Hotel Tentrem,Yogyakarta,kamar_mandi tidak_terawat handuk kusam warna dekil putih
Hotel Tentrem,Yogyakarta,suasana tenang pedesaan
Hotel Tentrem,Yogyakarta,pelayanan paling utama
Hotel Tentrem,Yogyakarta,tidak_nyaman banyak kecoa kecil kecoa jerman lewat setiap_saat
Hotel Tentrem,Yogyakarta,bapak satpam ramah
Hotel Tentrem,Yogyakarta,sarapan prasmanan
Hotel Tentrem,Yogyakarta,staff tidak_memakai sepatu
Hotel Tentrem,Yogyakarta,hotel tidak_sesuai harga
Hotel Tentrem,Yogyakarta,masuk lobi suasana megah mewah kental wangi tradisional
Hotel Tentrem,Yogyakarta,prokes oke pas ada acara disana
Hotel Tentrem,Yogyakarta,menu tidak_ada jus
Hotel Tentrem,Yogyakarta,ada area playground
Hotel Tentrem,Yogyakarta,ac lama dingin tiga_puluh menit
Hotel Tentrem,Yogyakarta,tidak_ada saluran_tv anak
Hotel Tentrem,Yogyakarta,lebih diperhatikan kebersihan toilet dekat kolam_renang
Hotel Tentrem,Yogyakarta,tempat olahraga bersih lengkap
Hotel Tentrem,Yogyakarta,kamar_mandi lucu
Hotel Tentrem,Yogyakarta,ada staff galak
Hotel Tentrem,Yogyakarta,fasilitas minim pintu ditempel stiker jaminan bank
Hotel Tentrem,Yogyakarta,bukan_daerah macet
Hotel Tentrem,Yogyakarta,makanan atas ekspektasi
Hotel Tentrem,Yogyakarta,akustik gedung bagus cocok rapat besar koser musik
Hotel Tentrem,Yogyakarta,air mandi asin
Hotel Tentrem,Yogyakarta,sky bar cenderung sepi
Hotel Tentrem,Yogyakarta,pelayanan patut diacungi jempol
Hotel Tentrem,Yogyakarta,hotel artistik dekorasi interior disajikan menarik
Hotel Tentrem,Yogyakarta,akses masuk hotel sulit gang sempit hanya cukup satu mobil
Hotel Tentrem,Yogyakarta,kamar_mandi sempit
Hotel Tentrem,Yogyakarta,lokasi strategis daerah kuta mudah cari tempat_makan musli depan hotel
Hotel Tentrem,Yogyakarta,staff ramah lobi pintu masuk hotel
Hotel Tentrem,Yogyakarta,datang bagian resepsionis tidak_informasi detail fasilitas hotel
Hotel Tentrem,Yogyakarta,bayar harga parkir harian
Hotel Tentrem,Yogyakarta,makanan minuman disajikan cukup enak
Hotel Tentrem,Yogyakarta,harga relatif murah hotel sebaik itu
Hotel Tentrem,Yogyakarta,pelayanan staff oke
Hotel Tentrem,Yogyakarta,cermin besar dinding kamar favorit
Hotel Tentrem,Yogyakarta,kondisi pandemi menu sarapan lengkap
Hotel Tentrem,Yogyakarta,lantai kamar kuno tidak_ada karpet
Hotel Tentrem,Yogyakarta,kamar lengkap balkon
Hotel Tentrem,Yogyakarta,komunikasi bagian call_center sulit
Hotel Tentrem,Yogyakarta,harga tidak_wajar
Hotel Tentrem,Yogyakarta,yoghurt tidak_segar
Hotel Tentrem,Yogyakarta,resto memiliki suasana adem banyak tanaman
Hotel Tentrem,Yogyakarta,harga offline lebih_mahal
Hotel Tentrem,Yogyakarta,makanan tidak_cocok lidah
Hotel Tentrem,Yogyakarta,staff minta maaf
Hotel Tentrem,Yogyakarta,minim tempat_parkir
Hotel Tentrem,Yogyakarta,makanan enak
Hotel Tentrem,Yogyakarta,tidak_ada lift harus manual naik tangga
Hotel Tentrem,Yogyakarta,letak agak jauh jalan malioboro
Hotel Tentrem,Yogyakarta,dekat terminal
Hotel Tentrem,Yogyakarta,ac kamar enak dingin desain kamar unik
Hotel Tentrem,Yogyakarta,mahal kelas hostel
Hotel Tentrem,Yogyakarta,sarapan lebih_baik warteg
Hotel Tentrem,Yogyakarta,porsi makanan kecil
Hotel Tentrem,Yogyakarta,amenities minim ac bocor lampu kedip tv kabel tidak_lengkap rcti tidak_ada
Hotel Tentrem,Yogyakarta,kamar cukup nyaman luas
Hotel Tentrem,Yogyakarta,banyak pepohonan nuansa alami
Hotel Tentrem,Yogyakarta,transportasi mudah
Hotel Tentrem,Yogyakarta,hotel tengah perumahan balik bukit suasana adem tentram
Hotel Tentrem,Yogyakarta,hotel cukup murah terjangkau
Hotel Tentrem,Yogyakarta,makanan bersih
Hotel Tentrem,Yogyakarta,harga lima_ratus_ribu tidak_pas
Hotel Tentrem,Yogyakarta,sayuran hanya ada buncis pedas tidak_ada brokoli
Hotel Tentrem,Yogyakarta,banyak bekas bungkus kuaci
Hotel Tentrem,Yogyakarta,kunci kamar error tidak_bisa dibuka
Hotel Tentrem,Yogyakarta,hotel harga bersahabat
Hotel Tentrem,Yogyakarta,rooftop cafe nyaman
Hotel Tentrem,Yogyakarta,sajian menu khas nusantara patut dipuji
Hotel Tentrem,Yogyakarta,rebutan parkir
Hotel Tentrem,Yogyakarta,lokasi pinggir_jalan suara kendaraan kedengaran kencang
Hotel Tentrem,Yogyakarta,harga mahal tidak_sesuai porsi rasa
Hotel Tentrem,Yogyakarta,kolam_renang area asri rimbun
Hotel Tentrem,Yogyakarta,staff responsif
Hotel Tentrem,Yogyakarta,bingung masuk lokasi
Hotel Tentrem,Yogyakarta,berasa ada pedesaan adem ayem
Hotel Tentrem,Yogyakarta,jalanan menuju parkir sempit hanya bisa dilewati satu mobil
Hotel Tentrem,Yogyakarta,lokasi pinggir_jalan_utama
Hotel Tentrem,Yogyakarta,sarapan monoton
Hotel Tentrem,Yogyakarta,sarapan enak enak
Hotel Tentrem,Yogyakarta,sarapan habis
Hotel Tentrem,Yogyakarta,kamar ada fasilitas mini_dapur microwave kulkas kompor_listrik komplit
Hotel Tentrem,Yogyakarta,bantal empuk
Hotel Ciputra,Jakarta,sprei lengket jorok seperti bekas tamu pijat tidak_diganti
Hotel Ciputra,Jakarta,hijau terawat pohon pohon beringin tua kokoh berdiri
Hotel Ciputra,Jakarta,staff hotel ramah bantu
Hotel Ciputra,Jakarta,dekat malioboro kraton
Hotel Ciputra,Jakarta,ada wedang jahe kopi mie godok chef
Hotel Ciputra,Jakarta,kamar kotor lubang besar tirai handuk kotor selimut banyak noda
Hotel Ciputra,Jakarta,dessert enak
Hotel Ciputra,Jakarta,tidak_ada transportasi umum sekitar lokasi
Hotel Ciputra,Jakarta,gratis sarapan anak
Hotel Ciputra,Jakarta,lobi disuguhkan suara gamelan
Hotel Ciputra,Jakarta,masakan relatif bersih
Hotel Ciputra,Jakarta,lokasi pertokoan tidak_nyaman
Hotel Ciputra,Jakarta,petunjuk jalan nama hotel kecil
Hotel Ciputra,Jakarta,lokasi dekat hartono_mall
Hotel Ciputra,Jakarta,makan_malam sering luar hotel
Hotel Ciputra,Jakarta,perlu bayar ekstra
Hotel Ciputra,Jakarta,overprice bintang_dua harga delapan_ratus_ribu
Hotel Ciputra,Jakarta,kamar_mandi ada cacing kelabang
Hotel Ciputra,Jakarta,wifi bisa lebih kencang
Hotel Ciputra,Jakarta,lokasi terpencil
Hotel Ciputra,Jakarta,medan arah penginapan jalan bebatuan belum_aspal
Hotel Ciputra,Jakarta,menu buka_puasa cukup bervariasi
Hotel Ciputra,Jakarta,lobi panas
Hotel Ciputra,Jakarta,upgrade_kamar mahal
Hotel Ciputra,Jakarta,remote ac tidak_ada
Hotel Ciputra,Jakarta,early_checkin ada tambahan_biaya
Hotel Ciputra,Jakarta,dispenser air kosong
Hotel Ciputra,Jakarta,staff ramah selalu mengingatkan prokes memakai masker
Hotel Ciputra,Jakarta,keunggulan hotel dilengkapi empat buah bantal
Hotel Ciputra,Jakarta,harga reasonable sesuai
Hotel Ciputra,Jakarta,kamar kedap_suara
Hotel Ciputra,Jakarta,checkin awal dibilang kamar full
Hotel Ciputra,Jakarta,lobi luas terbuka nyaman instagrammable
Hotel Ciputra,Jakarta,jogging_track dikelilingi lapangan golf
Hotel Ciputra,Jakarta,pintu hotel ada handsanitizer
Hotel Ciputra,Jakarta,sarapan lengkap
Hotel Ciputra,Jakarta,area parkir terbatas mobil
Hotel Ciputra,Jakarta,checkout ditagih harga sarapan padahal tidak_sarapan
Hotel Ciputra,Jakarta,sulit parkir
Hotel Ciputra,Jakarta,lorong hotel bersih wangi full karpet
Hotel Ciputra,Jakarta,pelayanan cepat ramah baik
Hotel Ciputra,Jakarta,harga ekonomis hemat kantong
Hotel Ciputra,Jakarta,shower kolam_renang jamuran tidak_terawat
Hotel Ciputra,Jakarta,bayar lima_ribu web bandara shuttle
Hotel Ciputra,Jakarta,perlengkapan_mandi ada lengkap
Hotel Ciputra,Jakarta,harga hotel sama tambahan_biaya mahal tambahan_biaya
Hotel Ciputra,Jakarta,suasana berisik banyak kereta lewat
Hotel Ciputra,Jakarta,staff bodoh
Hotel Ciputra,Jakarta,lokasi prima pusat_kota dekat pusat perbelanjaan
Hotel Ciputra,Jakarta,dekat tempat_wisata
Hotel Ciputra,Jakarta,desain minimalis elegan
Hotel Ciputra,Jakarta,mbak ariana staff restoran salah_satu staff super ramah
Hotel Ciputra,Jakarta,staff penuh perhatian
Hotel Ciputra,Jakarta,menu tradisional jawa sunda
Hotel Ciputra,Jakarta,sajian bbq enak
Hotel Ciputra,Jakarta,nyaman relaks jauh bising
Hotel Ciputra,Jakarta,kamar minimalis
Hotel Ciputra,Jakarta,cocok perjalan singkat minim anggaran
Hotel Ciputra,Jakarta,kolam_renang bar daya tarik pelancong
Hotel Ciputra,Jakarta,cocok istirahat santai tenang
Hotel Ciputra,Jakarta,lift pengap tidak_ada pengharum ruangan
Hotel Ciputra,Jakarta,makanan rasa datar
Hotel Ciputra,Jakarta,menu kurang
Hotel Ciputra,Jakarta,staff cepat cekatan
Hotel Ciputra,Jakarta,pelayanan prokes baik
Hotel Ciputra,Jakarta,makanan variatif kids friendly
Hotel Ciputra,Jakarta,lokasi strategis dekat berpergian
Hotel Ciputra,Jakarta,roti keras tidak_baru
Hotel Ciputra,Jakarta,terletak pusat_kota
Hotel Ciputra,Jakarta,staff ramah ramah bantu
Hotel Ciputra,Jakarta,kamar sempit sholat
Hotel Ciputra,Jakarta,hotel ramah staff
Hotel Ciputra,Jakarta,dapat kupon diskon makan
Hotel Ciputra,Jakarta,ada dapur meja makan ruang_tamu
Hotel Ciputra,Jakarta,kecewa teh panas tidak_enak
Hotel Ciputra,Jakarta,tidak_ada handuk
Hotel Ciputra,Jakarta,resepsionis ramah dibantu cari transport
Hotel Ciputra,Jakarta,ekonomis hemat kantong
Hotel Ciputra,Jakarta,sarapan seadanya
Hotel Ciputra,Jakarta,ac model kuno panas shower jet rusak heater lama panas
Hotel Ciputra,Jakarta,eskrim ada sarapan
Hotel Ciputra,Jakarta,denda gelas seratus_ribu
Hotel Ciputra,Jakarta,pelayanan sekali telpon langsung datang
Hotel Ciputra,Jakarta,akses kamar parkir agak sulit
Hotel Ciputra,Jakarta,lantai kamar debu
Hotel Ciputra,Jakarta,kekurangan lokasi sulit dijangkau
Hotel Ciputra,Jakarta,hotel bintang klasik elegan
Hotel Ciputra,Jakarta,parkir mobil gratis
Hotel Ciputra,Jakarta,hotel ngumpet masuk gang
Hotel Ciputra,Jakarta,akses mudah fasilitas publik
Hotel Ciputra,Jakarta,lingkungan asri penuh pepohonan
Hotel Ciputra,Jakarta,ada barang tertinggal checkout pihak hotel langsung wa foto barang tertinggal
Hotel Ciputra,Jakarta,awal datang resepsionis lama
Hotel Ciputra,Jakarta,tempat_parkir banyak
Hotel Ciputra,Jakarta,jaringan wifi minus tidak_layak
Hotel Ciputra,Jakarta,pulang ditagih parkir lima_ribu
Hotel Ciputra,Jakarta,parkir basement cukup sempit
Hotel Ciputra,Jakarta,jalur cukup menantang tidak_ada lampu jalan cukup bahaya
Hotel Ciputra,Jakarta,harga relatif mahal
Hotel Ciputra,Jakarta,kaget harus menambah harga sarapan
Hotel Ciputra,Jakarta,lift tidak_ada ac
Hotel Ciputra,Jakarta,dapat memesan rental mobil pelayan
Hotel Ciputra,Jakarta,makanan hanya ada prasmanan jumlah rasa tidak_memuaskan
Hotel Ciputra,Jakarta,tempat strategis dekat tempat_makan malioboro
Hotel Novotel,Bandung,kolam terlalu dingin
Hotel Novotel,Bandung,toilet driver hotel tidak_banyak
Hotel Novotel,Bandung,satpam tidak_ramah
Hotel Novotel,Bandung,hotel cocok acara wedding ulang_tahung gathering
Hotel Novotel,Bandung,sarapan tidak_enak
Hotel Novotel,Bandung,dapat gratis fruit_bucket
Hotel Novotel,Bandung,sarapan menemukan semut roti kue
Hotel Novotel,Bandung,depan hotel ada tempat_makan resto
Hotel Novotel,Bandung,staff berdandan baik
Hotel Novotel,Bandung,perlakukan customer buruk
Hotel Novotel,Bandung,sprei selimut tidak_diganti
Hotel Novotel,Bandung,nasi keras dikunyah
Hotel Novotel,Bandung,villa harga mahal tidak_ekonomis
Hotel Novotel,Bandung,harga tidak_terjangkau tidak_termasuk sarapan
Hotel Novotel,Bandung,hotel tidak_seperti digambar dalam foto
Hotel Novotel,Bandung,resepsionis emosi
Hotel Novotel,Bandung,makanan rasa perlu tingkatkan
Hotel Novotel,Bandung,staff front_office tidak_senyum
Hotel Novotel,Bandung,dekat kemana_mana euphoria bali
Hotel Novotel,Bandung,kamar_mandi lapang
Hotel Novotel,Bandung,mbak mas ramah
Hotel Novotel,Bandung,dekat indomaret
Hotel Novotel,Bandung,air kamar_mandi bau
Hotel Novotel,Bandung,layanan berkualitas tinggi
Hotel Novotel,Bandung,harga super murah
Hotel Novotel,Bandung,lokasi sunyi
Hotel Novotel,Bandung,interior kamar perpaduan tradisional modern cantik
Hotel Novotel,Bandung,sepi seperti punya swiming kolam_renang pribadi
Hotel Novotel,Bandung,lift bau apek
Hotel Novotel,Bandung,menelpon resepsionis membantu
Hotel Novotel,Bandung,makanan menu komposisi tidak_pas
Hotel Novotel,Bandung,bau kamar harus bikin tidur nyaman
Hotel Novotel,Bandung,pelayanan makan tidak_tanggap
Hotel Novotel,Bandung,begitu mandi air keruh
Hotel Novotel,Bandung,tempat nyaman backpacker
Hotel Novotel,Bandung,alat pembuat kopi teh tidak_berfungsi
Hotel Novotel,Bandung,rasa mie biasa
Hotel Novotel,Bandung,tidak_ada exhaust
Hotel Novotel,Bandung,gratis parkir
Hotel Novotel,Bandung,harga tidak_membuat kantong jebol
Hotel Novotel,Bandung,deposit dua juta
Hotel Novotel,Bandung,kolam_renang instagrammable asik foto
Hotel Novotel,Bandung,pelayanan sopan ramah
Hotel Novotel,Bandung,sesuai harga pelayanan didapatkan
Hotel Novotel,Bandung,wifi hanya bisa diakses lobi
Hotel Novotel,Bandung,uang tidak_ada kabar refund
Hotel Novotel,Bandung,hotel nyaman daerah jalan_parangtritis
Hotel Novotel,Bandung,lokasi sulit dijangkau masuk dalam komplek perumahan jalan rusak
Hotel Novotel,Bandung,tampak depan terlihat enak rapi dilihat luar
Hotel Novotel,Bandung,lobi hotel luas
Hotel Novotel,Bandung,billiard murah mursidah
Hotel Novotel,Bandung,tidak_diragukan fasilitas
Hotel Novotel,Bandung,kamar_mandi luas toilet duduk wastafel
Hotel Novotel,Bandung,menu sarapan diganti nasi_kotak tidak_pantas
Hotel Novotel,Bandung,menu sahur enak
Hotel Novotel,Bandung,mendapat harga murah
Hotel Novotel,Bandung,dekorasi kamar adat jawa dilengkapi bathtub sabun shampoo krim
Hotel Novotel,Bandung,harga pas sesuai backpacker
Hotel Novotel,Bandung,resepsionis tidak_informasi detail
Hotel Novotel,Bandung,rasa tidak_menggigit
Hotel Novotel,Bandung,sate gosong mentah mengecewakan
Hotel Novotel,Bandung,hotel ada fasilitas minimarket
Hotel Novotel,Bandung,banyak spot foto
Hotel Novotel,Bandung,kelebihan lokasi dekat tugu malioboro
Hotel Novotel,Bandung,parkir motor sempit tidak_ada atap
Hotel Novotel,Bandung,pelayanan perhatian menanyakan bagaimana makanan sudah coba apa saja
Hotel Novotel,Bandung,hotel tua perlu renovasi
Hotel Novotel,Bandung,hotel kuno
Hotel Novotel,Bandung,kolam_renang buruk
Hotel Novotel,Bandung,ada informasi city tour bantu
Hotel Novotel,Bandung,kamar artistik bersih
Hotel Novotel,Bandung,kasur tidak_diganti
Hotel Novotel,Bandung,kamar luas nyaman kamar_mandi oke
Hotel Novotel,Bandung,pelayanan peduli
Hotel Novotel,Bandung,porsi sarapan disiapkan sedikit
Hotel Novotel,Bandung,es jus hambar tidak_segar
Hotel Novotel,Bandung,lokasi tidak_ramah_anak orang_tua berbatu menanjak
Hotel Novotel,Bandung,saluran_tv tidak_lengkap
Hotel Novotel,Bandung,kamar ada colokan banyak
Hotel Novotel,Bandung,akses dekat monas plaza
Hotel Novotel,Bandung,menu makanan biasa menurutku
Hotel Novotel,Bandung,interior hotel minimalis manis
Hotel Novotel,Bandung,nyaman cocok terhindar keramaian
Hotel Novotel,Bandung,ternyata tidak_hanya dekat masjid jogokariyan juga dekat pusat perbelanjan superindo dekat atm spbu makanan rumahan
Hotel Novotel,Bandung,mantap pelayanan nyaman
Hotel Novotel,Bandung,sesuai harga dapat sarapan
Hotel Novotel,Bandung,terbaik bisa dinikmati bisa lihat gunung_merapi kamar sendiri
Hotel Novotel,Bandung,fasilitas ruang_rapat oke
Hotel Novotel,Bandung,penginapan kebun_binatang banyak kecoa semut hewan kecil dalam kamar
Hotel Novotel,Bandung,suasana sepi terkesan horor
Hotel Novotel,Bandung,suara cafe terlalu keras
Hotel Novotel,Bandung,hotelier ramah santun
Hotel Novotel,Bandung,harga promo
Hotel Novotel,Bandung,tidak_bisa akses kemana_mana
Hotel Novotel,Bandung,keluar mencari makanan akses jalan jauh
Hotel Novotel,Bandung,harga segitu tidak_pas
Hotel Novotel,Bandung,kolam_renang dalam perbaikan
Hotel Novotel,Bandung,harga kamar mahal
Hotel Novotel,Bandung,minum sudah habis
Hotel Novotel,Bandung,roti_tawar habis
Hotel Novotel,Bandung,dekat tugu
Hotel Novotel,Bandung,makanan seperti tidak_diberi garam
Hotel Novotel,Bandung,saat masuk sambut jamuan hangat nuansa budata kental
Hotel Novotel,Bandung,lama menungu refill makanan
Hotel Gumaya,Semarang,jalan menuju lokasi melewati jalan sempit
Hotel Gumaya,Semarang,hotel lama akses jalan dibiarkan
Hotel Gumaya,Semarang,kamar ditata efisien
Hotel Gumaya,Semarang,tempat_parkir kecil
Hotel Gumaya,Semarang,harga baik murah sesuai
Hotel Gumaya,Semarang,ac berisik mengganggu tidur
Hotel Gumaya,Semarang,ada lapangan golf luas
Hotel Gumaya,Semarang,guava jus seperti jasjus rasa
Hotel Gumaya,Semarang,lobi hotel mewah lantai dinding full granit kaca
Hotel Gumaya,Semarang,ada rooftop kamar_renang anak suka pemandangan
Hotel Gumaya,Semarang,gratis refill air_minum
Hotel Gumaya,Semarang,sudut bawah meja kamar bersih tidak_debu
Hotel Gumaya,Semarang,menu variatif setiap_hari ganti
Hotel Gumaya,Semarang,kamar tidak_terawat baik
Hotel Gumaya,Semarang,front_office tidak_dua_empat_jam
Hotel Gumaya,Semarang,tidak_profesional
Hotel Gumaya,Semarang,wifi terputus
Hotel Gumaya,Semarang,pelayanan diskriminatif
Hotel Gumaya,Semarang,harga online lebih_murah
Hotel Gumaya,Semarang,rekomendasi backpacker
Hotel Gumaya,Semarang,hujan kamar rembes
Hotel Gumaya,Semarang,pelayanan front_office cepat
Hotel Gumaya,Semarang,ada sky bar cafe menikmati petang jogja alunan live_music
Hotel Gumaya,Semarang,cocok anggaran_rendah
Hotel Gumaya,Semarang,harga tidak_oke
Hotel Gumaya,Semarang,hotel berkelas sesuai harga
Hotel Gumaya,Semarang,mobil innova tidak_bisa masuk
Hotel Gumaya,Semarang,penanganan prokes baik merasa aman
Hotel Gumaya,Semarang,lift sempit kotor
Hotel Gumaya,Semarang,hotel terhubung mall
Hotel Gumaya,Semarang,garlic cheese enak
Hotel Gumaya,Semarang,toilet parkir luar kumuh
Hotel Gumaya,Semarang,baru bisa masuk kamar jam lima sore penuh
Hotel Gumaya,Semarang,sarapan tinggal ambil sesuka hati
Hotel Gumaya,Semarang,banyak tempat foto instagrammable
Hotel Gumaya,Semarang,makanan enak banyak pilihan lengkap appertizer hingga dessert
Hotel Gumaya,Semarang,hotel luar tampak kecil
Hotel Gumaya,Semarang,ada sofa meja kerja tv mini bar
Hotel Gumaya,Semarang,kamar nyaman kamar_mandi bersih
Hotel Gumaya,Semarang,checkin checkout cepat
Hotel Gumaya,Semarang,layanan telepon cepat
Hotel Gumaya,Semarang,coba tolak_angin eskrim
Hotel Gumaya,Semarang,fasilitas nomor satu bisa naik kuda
Hotel Gumaya,Semarang,lokasi jalan hotel bebatuan rusak
Hotel Gumaya,Semarang,hotel bau tidak_wangi
Hotel Gumaya,Semarang,makan tidak_prasmanan
Hotel Gumaya,Semarang,makanan sederhana
Hotel Gumaya,Semarang,handuk bersih
Hotel Gumaya,Semarang,menu sarapan hanya dua variasi
Hotel Gumaya,Semarang,petunjuk jalan kecil
Hotel Gumaya,Semarang,harga cukup mahal tidak_ada wifi
Hotel Gumaya,Semarang,kamar wow bersih
Hotel Gumaya,Semarang,lorong bau keluar lift tidak_ada fentilasi udara
Hotel Gumaya,Semarang,cocok backpacker
Hotel Gumaya,Semarang,staff tidak_ramah apatis
Hotel Gumaya,Semarang,lobi tersedia bahan bacaan koran majalah
Hotel Gumaya,Semarang,hotel berada lokasi sulit diketahui
Hotel Gumaya,Semarang,checkin memuaskan
Hotel Gumaya,Semarang,tidak_ada klub anak
Hotel Gumaya,Semarang,kamar_mandi tidak_nyaman bathtub bikin becek lantai
Hotel Gumaya,Semarang,kotor kamar tidak_dibersihkan bawah kasur banyak sampah
Hotel Gumaya,Semarang,buah dikeliling binatang terbang
Hotel Gumaya,Semarang,sarapan setiap_hari beda menu
Hotel Gumaya,Semarang,kamar_mandi keadaan becek
Hotel Gumaya,Semarang,jamu lengkap segar roti kukus lembut
Hotel Gumaya,Semarang,tempat dekat pusat_kota tempat_wisata jogja
Hotel Gumaya,Semarang,jendela cukup besar
Hotel Gumaya,Semarang,dekat area masjid alun_alun bandung lokasi strategis
Hotel Gumaya,Semarang,makanan variasi sampai bingung ambil mana
Hotel Gumaya,Semarang,makanan habis langsung refill
Hotel Gumaya,Semarang,porsi lumayan banyak
Hotel Gumaya,Semarang,kolam_renang banyak daun ngambang
Hotel Gumaya,Semarang,menikmati fasilitas ballroom lengkap
Hotel Gumaya,Semarang,makanan tidak_ada kepastian bercampur halal non_halal
Hotel Gumaya,Semarang,debu jendela kamar
Hotel Gumaya,Semarang,overprice mahal
Hotel Gumaya,Semarang,tidak_privasi terutama kamar_mandi
Hotel Gumaya,Semarang,sarapan enak tidak_bisa berhenti makan
Hotel Gumaya,Semarang,staff ramah informatif
Hotel Gumaya,Semarang,lokasi hotel gabung tempat perbelanjaan memberikan nilai_plus
Hotel Gumaya,Semarang,fasilitas lengkap terutama kolam_renang asri menjadi alasan utama orang tertarik menginap hotel
Hotel Gumaya,Semarang,kamar bersih ac dingin
Hotel Gumaya,Semarang,air kolam_renang hijau kotor
Hotel Gumaya,Semarang,wifi tidak_gratis harus bayar
Hotel Gumaya,Semarang,sarapan banyak pilihan
Hotel Gumaya,Semarang,disediakan menu makanan sehat
Hotel Gumaya,Semarang,sesi foto kawasan hotel bayar tujuh_ratus_ribu
Hotel Gumaya,Semarang,akses enak
Hotel Gumaya,Semarang,minta air_panas harus bayar lima_ribu keterlaluan
Hotel Gumaya,Semarang,agak jauh jalan ketika belanja
Hotel Gumaya,Semarang,ramadhan disediakan makan sahur
Hotel Gumaya,Semarang,kasur bunyi
Hotel Gumaya,Semarang,makanan habis lambat refill
Hotel Gumaya,Semarang,bangunan hotel baik
Hotel Gumaya,Semarang,kamar hotel bagus nuansa jawa
Hotel Gumaya,Semarang,sarapan enak segar kualitas bahan menu lengkap
Hotel Gumaya,Semarang,dari bandara soeta jalan putar hotel jauh
Hotel Gumaya,Semarang,kamar hotel provate balkon nilai tambah
Hotel Gumaya,Semarang,area lobi gelap
Hotel Gumaya,Semarang,murah meriah bisa makan sepuasnya
Hotel Gumaya,Semarang,debu lampu tidur
Hotel Gumaya,Semarang,makanan enak tidak_mengecewakan
Hotel Gumaya,Semarang,lokasi atas jauh pusat
Hotel Gumaya,Semarang,ayam opor juara
Hotel Patra Jasa,Bali,kamar bangsal bau fasilititas usang rusak
Hotel Patra Jasa,Bali,harga murah masuk akal
Hotel Patra Jasa,Bali,suka soto daging ayam lada hitam
Hotel Patra Jasa,Bali,rasa mie_goreng sudah basi nasi ada basi
Hotel Patra Jasa,Bali,sarapan ambil sepuasnya
Hotel Patra Jasa,Bali,cincin ketinggalan ternyata disimpan pihak hotel aman
Hotel Patra Jasa,Bali,kualitas makanan lumayan baik
Hotel Patra Jasa,Bali,menu resto sarapan bisa dinikmati
Hotel Patra Jasa,Bali,masakan tidak_enak
Hotel Patra Jasa,Bali,pintu_kamar sulit ditutup
Hotel Patra Jasa,Bali,fasilitas banyak rusak terutama lift
Hotel Patra Jasa,Bali,kamar ada sofa panjang
Hotel Patra Jasa,Bali,air_panas oke
Hotel Patra Jasa,Bali,kolam_renang cantik nuansa tradisional romantis
Hotel Patra Jasa,Bali,menu sarapan enak variasi
Hotel Patra Jasa,Bali,kamar penataan baik dilengkapi peralatan masak
Hotel Patra Jasa,Bali,tempat olahraga bersih
Hotel Patra Jasa,Bali,shower air_panas lancar
Hotel Patra Jasa,Bali,kolam kecil buruk
Hotel Patra Jasa,Bali,resepsionis pria tidak_ramah
Hotel Patra Jasa,Bali,makanan tidak_enak tidak_ada rasa
Hotel Patra Jasa,Bali,makanan mewah enak
Hotel Patra Jasa,Bali,lokasi cukup jauh jalan_jalan
Hotel Patra Jasa,Bali,sedikit pilihan menu makanan
Hotel Patra Jasa,Bali,dapat harga promo lima_ratus_ribu kamar hotel
Hotel Patra Jasa,Bali,fasilitas lift tidak_memadai
Hotel Patra Jasa,Bali,lokasi tidak_nyaman
Hotel Patra Jasa,Bali,susu segar bau rasa basi
Hotel Patra Jasa,Bali,kamar luas kamar besar empuk
Hotel Patra Jasa,Bali,ada gratis snack
Hotel Patra Jasa,Bali,harga mahal overprice
Hotel Patra Jasa,Bali,sempit jalurnya
Hotel Patra Jasa,Bali,wifi lancar waktu tertentu putus sendiri
Hotel Patra Jasa,Bali,lokasi sulit dilalui mobil
Hotel Patra Jasa,Bali,aneh ramah seperti dipaksakan
Hotel Patra Jasa,Bali,handuk tidak_ada
Hotel Patra Jasa,Bali,kamar terlihat tua
Hotel Patra Jasa,Bali,menu monoton
Hotel Patra Jasa,Bali,tarif masih oke
Hotel Patra Jasa,Bali,harga bayar langsung lebih_murah
Hotel Patra Jasa,Bali,lokasi ujung masuk jalan kecil
Hotel Patra Jasa,Bali,dekat alun_alun_selatan
Hotel Patra Jasa,Bali,letak hotel enak bukan_daerah macet
Hotel Patra Jasa,Bali,banyak kuliner murah sekitar hotel
Hotel Patra Jasa,Bali,sarapan kehabisan gas
Hotel Patra Jasa,Bali,makanan hotel acungi top
Hotel Patra Jasa,Bali,dapat harga epic diskon
Hotel Patra Jasa,Bali,sarapan variasi
Hotel Patra Jasa,Bali,sinyal lemah kamar
Hotel Patra Jasa,Bali,tempat strategis dalam kota jogja
Hotel Patra Jasa,Bali,ada staff bantu mengarahkan tempat_parkir penuh
Hotel Patra Jasa,Bali,alat lengkap hair_dryer setrika hangar tergantung rapi
Hotel Patra Jasa,Bali,ruang terbuka luas sejuk asri
Hotel Patra Jasa,Bali,pelayanan diberi setiap_saat
Hotel Patra Jasa,Bali,datang tidak_sambut
Hotel Patra Jasa,Bali,resepsionis sering tidak_ada
Hotel Patra Jasa,Bali,hotel masuk gang
Hotel Patra Jasa,Bali,akses kota jauh
Hotel Patra Jasa,Bali,rooftop juara waktu sunset bagus
Hotel Patra Jasa,Bali,dekat pusat_kota
Hotel Patra Jasa,Bali,buah ada rasa pahit
Hotel Patra Jasa,Bali,air_kemasan gratis
Hotel Patra Jasa,Bali,suasana nyaman sejuk mengurangi polusi
Hotel Patra Jasa,Bali,tempat_parkir mobil sempit
Hotel Patra Jasa,Bali,ada makanan overcooked kelebihan bumbu
Hotel Patra Jasa,Bali,parkir luas aman dua_empat_jam
Hotel Patra Jasa,Bali,wifi tidak_berfungsi
Hotel Patra Jasa,Bali,banyak kotoran binatang bawah tempat_tidur
Hotel Patra Jasa,Bali,makanan perlu variasi
Hotel Patra Jasa,Bali,sarapan mahal
Hotel Patra Jasa,Bali,linen tidak_diganti
Hotel Patra Jasa,Bali,ada hair_dryer setrika
Hotel Patra Jasa,Bali,kamar_mandi ada bercak lengket
Hotel Patra Jasa,Bali,pass wifi tidak_diberi minta resepsionis
Hotel Patra Jasa,Bali,ada penjemputan bandara
Hotel Patra Jasa,Bali,kamar sempit agak sumpek
Hotel Patra Jasa,Bali,harga relatif murah
Hotel Patra Jasa,Bali,menu tidak_prasmanan tidak_bebas pilih
Hotel Patra Jasa,Bali,harusnya lebih_murah hotel bintang_satu
Hotel Patra Jasa,Bali,kebersihan kamar baik
Hotel Patra Jasa,Bali,tidak_ada tangga darurat
Hotel Patra Jasa,Bali,ulat ada gelas diminum
Hotel Patra Jasa,Bali,ada playground taman jalan_jalan lengkap
Hotel Patra Jasa,Bali,harga murah kualitas kamar luas
Hotel Patra Jasa,Bali,akomodasi ramah tengah kota dekat kawasan simpang_lima
Hotel Patra Jasa,Bali,letak dekat malioboro deket kemana_mana
Hotel Patra Jasa,Bali,harga cocok perjalanan backpacker
Hotel Patra Jasa,Bali,lokasi pedesaan terisolasi jarang tempat hiburan sekitar hotel
Hotel Patra Jasa,Bali,dekat tugu jogja
Hotel Patra Jasa,Bali,toilet engsel pintu rusak
Hotel Patra Jasa,Bali,satpam tidak_sigap tidak_bantu menyebrang jalan
Hotel Patra Jasa,Bali,tarif tidak_ekonomis
Hotel Patra Jasa,Bali,lokasi dekat pusat keramaian
Hotel Patra Jasa,Bali,lobi resto panas hawanya seperti tidak_ada ac
Hotel Patra Jasa,Bali,ada cafe tempat luas nyaman nuansa jawa
Hotel Patra Jasa,Bali,tombol lift tidak_berfungsi
Hotel Patra Jasa,Bali,lokasi tidak_mendukung
Hotel Patra Jasa,Bali,luas kamar bagus kelas delux kamar_mandi cukup
Hotel Patra Jasa,Bali,kamar bau apek bercak dinding
Hotel Patra Jasa,Bali,front_office tidak_mau terima saran terutama orang gendut
Hotel Patra Jasa,Bali,lokasi dekat pusat_kota
Hotel Patra Jasa,Bali,anak harus bayar tambahan_biaya makanan
Hotel Patra Jasa,Bali,lokasi strategis dekat pom_bensin dekat jalan_utama dekat tempat_wisata jogja
Hotel Patra Jasa,Bali,lokasi tidak_kondusif
Hotel Horison,Surabaya,pelayanan baik responsif
Hotel Horison,Surabaya,tidak_membuat kantong kering
Hotel Horison,Surabaya,pesan aplikasi harga terjangkau
Hotel Horison,Surabaya,lokasi langsung dapat dicapai mudah menggunaakn waze
Hotel Horison,Surabaya,setiap tamu dimention nama merasa dihargai pihak staff hotel ramah membantu
Hotel Horison,Surabaya,sarapan bebas pilih menu
Hotel Horison,Surabaya,kamar kena tarif deluxe ternyata diberi superior
Hotel Horison,Surabaya,layanan buruk
Hotel Horison,Surabaya,mahal dibandingkan fasilitas minim didapatkan
Hotel Horison,Surabaya,lokasi enak sepi sunyi
Hotel Horison,Surabaya,lokasi sulit ditemukan
Hotel Horison,Surabaya,staff satpam ob ramah tamu tidak_terkecuali
Hotel Horison,Surabaya,dapat fasilitas gratis upgrade_kamar
Hotel Horison,Surabaya,memperlakukan tindakkan pengusiran layaknya mengusir binatang cara mendorong
Hotel Horison,Surabaya,makanan enak bersih menu ganti setiap_hari
Hotel Horison,Surabaya,sarapan enak lengkap auce
Hotel Horison,Surabaya,kamar indah menyejukkan
Hotel Horison,Surabaya,sore ada dessert
Hotel Horison,Surabaya,kasur bantal empuk
Hotel Horison,Surabaya,staff segera mengirim pengganti cepat
Hotel Horison,Surabaya,sarapan jangan_ditanya
Hotel Horison,Surabaya,harga aplikasi tidak_sesuai
Hotel Horison,Surabaya,pelayanan maksimal
Hotel Horison,Surabaya,tidak_maximal pelayanan
Hotel Horison,Surabaya,amenities malah harus bayar
Hotel Horison,Surabaya,konsep keren jawa modern
Hotel Horison,Surabaya,staff tidak_percaya memaksa mengecek masuk kamar_mandi
Hotel Horison,Surabaya,hotel pusat_kota
Hotel Horison,Surabaya,hotel bagus nyaman suka kolam_renang bagus
Hotel Horison,Surabaya,fasilitas jacuzzi naik andong memancing
Hotel Horison,Surabaya,staff ramah selalu menyapa bila berpapasan
Hotel Horison,Surabaya,handuk kotor
Hotel Horison,Surabaya,suasana tenang jauh keramaian
Hotel Horison,Surabaya,waffle juara umum
Hotel Horison,Surabaya,sarapan semua enak
Hotel Horison,Surabaya,harga segitu kualitas kurang
Hotel Horison,Surabaya,oseng buntut rekomendasi
Hotel Horison,Surabaya,akses malioboro harus pakai grab
Hotel Horison,Surabaya,dapat upgrade_kamar gratis pihak hotel
Hotel Horison,Surabaya,makanan ada mentah
Hotel Horison,Surabaya,jalan_jalan mall terjangkau dekat
Hotel Horison,Surabaya,staff tanggap
Hotel Horison,Surabaya,dapat bathtub
Hotel Horison,Surabaya,layanan makanan tidak_termasuk harga sewa kamar
Hotel Horison,Surabaya,hotel ada fasilitas memetik buah taman hidroponik
Hotel Horison,Surabaya,prokes masa pandemi dilakukan disiplin
Hotel Horison,Surabaya,minta kasur bilang penuh padahal hotel sepi
Hotel Horison,Surabaya,staff sigap ramah hangat menjadi kesan melekat
Hotel Horison,Surabaya,pegawai sigap menuangkan minuman
Hotel Horison,Surabaya,keren harga segitu
Hotel Horison,Surabaya,staff tidak_ramah tidak_paham sop
Hotel Horison,Surabaya,harga standar fasilitas ada
Hotel Horison,Surabaya,makanan ada rambut
Hotel Horison,Surabaya,dekat stasiun terganggu bunyi kereta malam_hari
Hotel Horison,Surabaya,banyak variasi menu anak
Hotel Horison,Surabaya,minuman alkohol lengkap
Hotel Horison,Surabaya,kamar nyaman bersih kamar_mandi bersih
Hotel Horison,Surabaya,tidak_diskon
Hotel Horison,Surabaya,penerima tamu perlu belajar tata_krama
Hotel Horison,Surabaya,sarapan banyak enak
Hotel Horison,Surabaya,kamar ada balkon berjemur
Hotel Horison,Surabaya,amenities harus bayar tidak_gratis
Hotel Horison,Surabaya,akses menuju hotel jauh harus memutar
Hotel Horison,Surabaya,lokasi sulit
Hotel Horison,Surabaya,harga bayar langsung lebih_mahal
Hotel Horison,Surabaya,pengembalian uang deposit berteletele
Hotel Horison,Surabaya,pesan makanan hotel ada tambahan_biaya tiga_puluh_ribu
Hotel Horison,Surabaya,lokasi masuk gang mobil sulit masuk bahkan naik taxi sulit masuk
Hotel Horison,Surabaya,unik ada jam jbl berfungsi wireless speaker alarm kamar
Hotel Horison,Surabaya,fasilitas hotel jauh dibayangkan
Hotel Horison,Surabaya,makanan bawa anak ada tambahan_biaya
Hotel Horison,Surabaya,pemandangan lumayan bagus
Hotel Horison,Surabaya,memiliki mesin kopi dolce gusto
Hotel Horison,Surabaya,gelas habis tidak_refill
Hotel Horison,Surabaya,jalan satu arah mau tidak_mau harus lewat kemacetan
Hotel Horison,Surabaya,harga tidak_kuras kantong
Hotel Horison,Surabaya,sarapan staff sesuai prokes
Hotel Horison,Surabaya,dikenakan tambahan_biaya tanpa_kasur tujuh_lima_ribu
Hotel Horison,Surabaya,tidak_promo tidak_diskon
Hotel Horison,Surabaya,harga bawah standar
Hotel Horison,Surabaya,ac kamar rusak tidak_dingin
Hotel Horison,Surabaya,harga rentang kamar naik signifikan
Hotel Horison,Surabaya,olahan telur spicy salmon wrap mantap
Hotel Horison,Surabaya,pemandangan bagus
Hotel Horison,Surabaya,sewa bayar delapan_ribu handuk
Hotel Horison,Surabaya,tempat_tidur nyaman mandi air_hangat
Hotel Horison,Surabaya,ada handuk lap tangan
Hotel Horison,Surabaya,kasur kaki bawah mudah copot
Hotel Horison,Surabaya,kamar_mandi air menggenang
Hotel Horison,Surabaya,fasilitas wifi suka macet
Hotel Horison,Surabaya,cari makanan sekitar hotel sulit
Hotel Horison,Surabaya,harga murah hotel baik
Hotel Horison,Surabaya,keramahan staff baik
Hotel Horison,Surabaya,melayani tidak_hati
Hotel Horison,Surabaya,pelayanan oke mudah
Hotel Horison,Surabaya,sarapan hanya nasi_kotak
Hotel Horison,Surabaya,lokasi agak dalam jalan sempit ukuran bus
Hotel Horison,Surabaya,balkon langsung bisa lihat baik pemandangan
Hotel Horison,Surabaya,staff kolam_renang galak tidak_ramah
Hotel Horison,Surabaya,nyaman bersih makanan enak
Hotel Horison,Surabaya,susu basi
Hotel Horison,Surabaya,menginap harga dua juta kamar kecil sempit lagi
Hotel Horison,Surabaya,menu buka_puasa sajikan promosikan tidak_sama
Hotel Horison,Surabaya,menuju hotel jalan kecil
Hotel Ibis,Malang,kolam_renang resto tutup covid
Hotel Ibis,Malang,prokes tidak_diterapkan
Hotel Ibis,Malang,tempat bermain anak memadai
Hotel Ibis,Malang,harga tidak_ada termasuk sarapan
Hotel Ibis,Malang,proses refill makanan lambat
Hotel Ibis,Malang,parkir motor jauh
Hotel Ibis,Malang,tempat bermain anak kurang
Hotel Ibis,Malang,mudah cari makan luar banyak jual makanan
Hotel Ibis,Malang,harga ditawarkan sesuai fasilitas didapat
Hotel Ibis,Malang,harga terjangkau kantong
Hotel Ibis,Malang,layanan hebat staff
Hotel Ibis,Malang,hotel klasik interior megah berasa royal
Hotel Ibis,Malang,pelayanan resepsionis lambat checkin
Hotel Ibis,Malang,kolam_renang kotor banyak daun
Hotel Ibis,Malang,lokasi masuk gang
Hotel Ibis,Malang,rasa asin ikan goreng tepung sayurnya
Hotel Ibis,Malang,handuk tidak_disediakan harus sewa
Hotel Ibis,Malang,harga terjangkau termasuk sarapan
Hotel Ibis,Malang,makanan resto oke enak
Hotel Ibis,Malang,termasuk harga sewa kamar
Hotel Ibis,Malang,tarif kamar tidak_ekonomis
Hotel Ibis,Malang,senang hotel menyediakan fasilitas sewa motor
Hotel Ibis,Malang,lokasi dekat destinasi favorit
Hotel Ibis,Malang,makanan tidak_selera
Hotel Ibis,Malang,rugi bayar mahal
Hotel Ibis,Malang,fasilitas hotel secara umum baik
Hotel Ibis,Malang,sarapan juara
Hotel Ibis,Malang,dekat hotel jual banyak makanan
Hotel Ibis,Malang,kolam_renang kecil tidak_memiliki pemandangan bagus
Hotel Ibis,Malang,kualitas sound system rusak membuat mood tidak_nyaman
Hotel Ibis,Malang,diberi surprise gift cake
Hotel Ibis,Malang,berkesan hotel pelayanan terutama pelayanan resto
Hotel Ibis,Malang,pesan makanan harga cukup mahal
Hotel Ibis,Malang,tempat sendok garpu kotor kelihatan kotor
Hotel Ibis,Malang,harga cocok backpacker
Hotel Ibis,Malang,ada bathtub air tidak_menggenang tidak_becek tidak_licin
Hotel Ibis,Malang,ada diskon khusus tamu
Hotel Ibis,Malang,extra kasur mahal
Hotel Ibis,Malang,staff menjelaskan kelengkapan secara detail
Hotel Ibis,Malang,kamar_mandi ada kran bawah wudhu
Hotel Ibis,Malang,staff membantu mencari lokasi meja kosong
Hotel Ibis,Malang,parkir mobil terbatas
Hotel Ibis,Malang,lift lama
Hotel Ibis,Malang,shower air_panas normal
Hotel Ibis,Malang,amenities ada pencukur kumis
Hotel Ibis,Malang,ada nuansa tradisional
Hotel Ibis,Malang,ada tambahan_biaya
Hotel Ibis,Malang,proses checkin lama setengah jam
Hotel Ibis,Malang,pengelola ramah baik
Hotel Ibis,Malang,sarapan biasa
Hotel Ibis,Malang,akses jalan menuju lokasi mohon perbaiki lagi
Hotel Ibis,Malang,asik makanan enak
Hotel Ibis,Malang,lokasi strategis banyak warung makan muslim sekitar harga murah
Hotel Ibis,Malang,tidak_ada sarapan
Hotel Ibis,Malang,kamar_mandi bersih ada air_hangat
Hotel Ibis,Malang,salut respon cepat satpam
Hotel Ibis,Malang,tiba_tiba ada buka pintu tim kebersihan
Hotel Ibis,Malang,kamar ada kecoa
Hotel Ibis,Malang,sarapan tidak_disiapkan alasan tidak_ada pesanan
Hotel Ibis,Malang,terletak pinggir sungai jauh kemana_mana
Hotel Ibis,Malang,jalan hanya bisa satu mobil
Hotel Ibis,Malang,harga relatif murah nyaman kantong
Hotel Ibis,Malang,bagus desain modern
Hotel Ibis,Malang,harga tidak_kuras kantong
Hotel Ibis,Malang,tidak_ada kamar bilas setelah renang
Hotel Ibis,Malang,lokasi dekat kuburan
Hotel Ibis,Malang,harga murah tidak_mahal
Hotel Ibis,Malang,lokasi tidak_pinggir_jalan
Hotel Ibis,Malang,kesulitan waktu cari lokasi hotel berada kompleks ruko
Hotel Ibis,Malang,lokasi buruk menggunakan mobil
Hotel Ibis,Malang,shower rusak toilet kotor ada bercak darah
Hotel Ibis,Malang,interior mewah
Hotel Ibis,Malang,staff baik meminjamkan tikar
Hotel Ibis,Malang,villa harga ekonomis
Hotel Ibis,Malang,lokasi dekat lampu_merah macet padat
Hotel Ibis,Malang,alat kesehatan harga terjangkau
Hotel Ibis,Malang,harga murah kelasnya
Hotel Ibis,Malang,terbangun suara musik lantai bawah keras
Hotel Ibis,Malang,kamar oke wangi
Hotel Ibis,Malang,pelayanan bisa bahasa inggris
Hotel Ibis,Malang,jalan menuju hotel tolong diperhalus
Hotel Ibis,Malang,tempat tersembunyi sulit dicari
Hotel Ibis,Malang,ada balkon setiap kamar menghadap kolam_renang
Hotel Ibis,Malang,ac air_panas berfungsi baik
Hotel Ibis,Malang,lokasi terjal
Hotel Ibis,Malang,kolam_renang bau kaporit
Hotel Ibis,Malang,kaca jendela tidak_rapat
Hotel Ibis,Malang,ada kulkas
Hotel Ibis,Malang,jalan hotel padat
Hotel Ibis,Malang,menu makanan cukup enak
Hotel Ibis,Malang,menarik harga murah
Hotel Ibis,Malang,ac dingin amenities lengkap
Hotel Ibis,Malang,pelayanan luar_biasa cekatan
Hotel Ibis,Malang,senang hotel nuansa alam rekomendasi
Hotel Ibis,Malang,pelayan resto tidak_ramah
Hotel Ibis,Malang,rooftop keren kumpul_kumpul
Hotel Ibis,Malang,hotel pelayanan baik
Hotel Ibis,Malang,harga sesuai hotel bintang_lima tengah jogja
Hotel Ibis,Malang,pelayanan memberi salam papasan
Hotel Ibis,Malang,harga ekonomis ada promo
Hotel Ibis,Malang,hotel tidak_ada pencahayaan malam lampu tidak_terang
Hotel Ibis,Malang,resepsionis menyambut senyum ramah menyapa
Hotel Ibis,Malang,alat gym perlu perbaikan peremajaan
Hotel Ibis,Malang,kamar hotel suasana klasik simple ada bathtub
Hotel Mercure,Solo,kamar minus tidak_ada kotak deposit brankas
Hotel Mercure,Solo,makanan enak banyak pilihan indian_food siomay jepang
Hotel Mercure,Solo,suasana asik
Hotel Mercure,Solo,harga cocok anggaran_rendah backpacker
Hotel Mercure,Solo,lokasi tenang
Hotel Mercure,Solo,rasa masakan perlu diperhatikan tidak_rasa
Hotel Mercure,Solo,desain hotel tidak_asal
Hotel Mercure,Solo,kolam_renang banyak
Hotel Mercure,Solo,kamar_mandi toilet terpisah bagus
Hotel Mercure,Solo,ada galon koridor lantai
Hotel Mercure,Solo,kamar hotel bersih kasur luas lapang fasilitas lengkap
Hotel Mercure,Solo,spaghetti jam delapan habis tidak_refill
Hotel Mercure,Solo,sprei ada noda minyak
Hotel Mercure,Solo,hanya kolam_renang kecil
Hotel Mercure,Solo,menawarkan beragam pilihan anggur ceruutu intenasional
Hotel Mercure,Solo,tea_maker harus sewa
Hotel Mercure,Solo,rasa makanan perlu tingkatkan
Hotel Mercure,Solo,lokasi pinggir_jalan
Hotel Mercure,Solo,interior kamar banyak lampu mati
Hotel Mercure,Solo,staff ramah siap dua_empat_jam
Hotel Mercure,Solo,suasana rumah tenang
Hotel Mercure,Solo,strategis nyaman
Hotel Mercure,Solo,sarapan rasa standar
Hotel Mercure,Solo,lokasi dalam lorong
Hotel Mercure,Solo,secara harga hotel serupa lebih_murah dibanding hotel terbaik kelasnya
Hotel Mercure,Solo,kamar oke kasur empuk
Hotel Mercure,Solo,harga tidak_termasuk amenities alat_mandi air_mineral
Hotel Mercure,Solo,jalan area parkir belokan tajam sempit
Hotel Mercure,Solo,tembok toilet keluar air tembok
Hotel Mercure,Solo,ada kulkas water_heater lengkap kopi teh
Hotel Mercure,Solo,harga segitu
Hotel Mercure,Solo,keseluruhan oke staff bagian depan pelayanan memuaskan
Hotel Mercure,Solo,ada air_panas air_dingin
Hotel Mercure,Solo,lokasi sulit putar putar cari hotel
Hotel Mercure,Solo,buah sudah layu alias peot peot
Hotel Mercure,Solo,hanya ada tempat_parkir outdoor
Hotel Mercure,Solo,bantal bau
Hotel Mercure,Solo,kemana_mana jauh
Hotel Mercure,Solo,nyaman dekat masjid jogokariyan
Hotel Mercure,Solo,hanya ada fasilitas water sport
Hotel Mercure,Solo,kamar_mandi bersih air_panas ideal
Hotel Mercure,Solo,kecil kolam
Hotel Mercure,Solo,naik shuttle bandara harus bayar lima_ribu
Hotel Mercure,Solo,awal datang tidak_ada staff bantu angkat koper
Hotel Mercure,Solo,wifi buruk suka putus_putus
Hotel Mercure,Solo,tim teknis cepat memperbaiki
Hotel Mercure,Solo,harga satu juta ekspektasi ada kelebihan lain
Hotel Mercure,Solo,prokes baik handsanitizer dimana_mana
Hotel Mercure,Solo,saluran_tv sedikit kualitas gambar buruk seperti analog
Hotel Mercure,Solo,lorong kamar gelap
Hotel Mercure,Solo,ada menu angkringan ronde bakar tertarik sate
Hotel Mercure,Solo,hotel berkelas
Hotel Mercure,Solo,cicip menu pizza baru barista enak
Hotel Mercure,Solo,jamu lengkap segar
Hotel Mercure,Solo,shower air_panas dapat diatur
Hotel Mercure,Solo,makanan hanya pilih nasgor roti_bakar
Hotel Mercure,Solo,kamar ranjang bau
Hotel Mercure,Solo,cocok pelancong membutuhkan akomodasi harga rendah
Hotel Mercure,Solo,air kamar_mandi kuning
Hotel Mercure,Solo,air melimpah
Hotel Mercure,Solo,pas termasuk murah termasuk sarapan
Hotel Mercure,Solo,kulkas karet kendor
Hotel Mercure,Solo,kamar kedap_suara
Hotel Mercure,Solo,sesuai harga ramah_kantong pelancong
Hotel Mercure,Solo,harga kompetitif
Hotel Mercure,Solo,keluhan ditangani baik
Hotel Mercure,Solo,air_panas dingin berfungsi baik
Hotel Mercure,Solo,deket masjid fenomenal masjid jogokarian
Hotel Mercure,Solo,kondisi luar hotel desa kampung sulit cari makanan luar hotel
Hotel Mercure,Solo,harga tidak_termasuk pajak pelayanan
Hotel Mercure,Solo,amenities lengkap perabot kualitas tinggi
Hotel Mercure,Solo,hotel seram tidak_ada pencahayaan
Hotel Mercure,Solo,dekat pom_bensin atm superindo alfa indomart apotik pasar_tradisional
Hotel Mercure,Solo,letak hotel jauh malioboro
Hotel Mercure,Solo,kamar bersih harum
Hotel Mercure,Solo,wifi lambat suka terputus
Hotel Mercure,Solo,pembayaran mudah bisa bayar debit
Hotel Mercure,Solo,makanan minuman variasi ada alkohol non_alkohol
Hotel Mercure,Solo,parkir masih dipungut harga
Hotel Mercure,Solo,nuansa bali
Hotel Mercure,Solo,menu minim seadanya
Hotel Mercure,Solo,kamar_mandi_luar tidak_ada privasi
Hotel Mercure,Solo,hotel harga cukup terjangkau
Hotel Mercure,Solo,suka sama lokasi
Hotel Mercure,Solo,kecoa bermunculan naik meja samping
Hotel Mercure,Solo,lorong hotel ada sisa piring tidak_dibersihkan
Hotel Mercure,Solo,kamar debu
Hotel Mercure,Solo,interior klasik
Hotel Mercure,Solo,tempat_sampah ada satu kamar_mandi
Hotel Mercure,Solo,letak jalan prawirotaman banyak tempat_makan dekat pasar
Hotel Mercure,Solo,rekomendasi anggaran_rendah
Hotel Mercure,Solo,lokasi strategis depan jalan alfamart indomaret dekat hotel
Hotel Mercure,Solo,cocok jalan_jalan hemat nginep sini
Hotel Mercure,Solo,harga tidak_termasuk perlengkapan_mandi minum
Hotel Mercure,Solo,parkir harus diperluas
Hotel Mercure,Solo,lift tidak_bisa perbaikan
Hotel Mercure,Solo,sarapan disajikan tidak_segar
Hotel Mercure,Solo,checkin lama tunggu satu jam
Hotel Mercure,Solo,perabotan kamar perlu diperbarui
Hotel Mercure,Solo,pemandangan kolam_renang lihat sunset
Hotel Mercure,Solo,hotel pelayanan tidak_pelatihan
Hotel Mercure,Solo,suka kolam_renang air_hangat
Hotel Mercure,Solo,tempat_parkir sulit terbatas
Hotel Mercure,Solo,kamar eksekutif luas bersih
Hotel Grand Zuri,Kuta,hotel ada kolam pasir
Hotel Grand Zuri,Kuta,lampu kamar redup
Hotel Grand Zuri,Kuta,wifi lemot tidak_bisa dipakai
Hotel Grand Zuri,Kuta,kamar besar ada bathtub ada sofa kasur
Hotel Grand Zuri,Kuta,handuk ada tambahan_biaya
Hotel Grand Zuri,Kuta,kamar disteril ditempel stiker segel
Hotel Grand Zuri,Kuta,lokasi hotel strategis tempat_wisata hiburan tempat bersejarah jarak dapat dijangkau hotel
Hotel Grand Zuri,Kuta,masuk lewat gang kecil
Hotel Grand Zuri,Kuta,saluran_tv semut
Hotel Grand Zuri,Kuta,beli makan jauh
Hotel Grand Zuri,Kuta,pelayanan baik
Hotel Grand Zuri,Kuta,bantal selimut banyak rambut
Hotel Grand Zuri,Kuta,parkir mobil luas
Hotel Grand Zuri,Kuta,tidak_ada mobil golf
Hotel Grand Zuri,Kuta,ada akses langsung mall jogja city mall
Hotel Grand Zuri,Kuta,suasana asri
Hotel Grand Zuri,Kuta,kamar luas ada heater tea_corner kamar
Hotel Grand Zuri,Kuta,satpam tidak_berpikir kreatif tidak_pintar tidak_mengatur bijak
Hotel Grand Zuri,Kuta,ada smooking_room
Hotel Grand Zuri,Kuta,kamar bersih air_hangat berfungsi baik
Hotel Grand Zuri,Kuta,coba mengikuti petunjuk maps tidak_akurat
Hotel Grand Zuri,Kuta,kamar luas ada sofa
Hotel Grand Zuri,Kuta,pelayanan perhatian menanyakan ada saran
Hotel Grand Zuri,Kuta,kolam_renang banyak daun
Hotel Grand Zuri,Kuta,hotel bersih
Hotel Grand Zuri,Kuta,cocok menginap harga ramah_kantong
Hotel Grand Zuri,Kuta,resepsionis lemot
Hotel Grand Zuri,Kuta,lokasi dekat itc bantu perjalanan bisnis
Hotel Grand Zuri,Kuta,mobil pecah dibantu sampai selesai
Hotel Grand Zuri,Kuta,tempat istirahat nyaman backpacker
Hotel Grand Zuri,Kuta,malam minggu ada bbq umum harga cocok murah
Hotel Grand Zuri,Kuta,tidak_ada handuk keset
Hotel Grand Zuri,Kuta,hotel luas nuansa candi
Hotel Grand Zuri,Kuta,pelayanan responsif cepat
Hotel Grand Zuri,Kuta,mobil tidak_panas pepohonan semilir angin
Hotel Grand Zuri,Kuta,interior terkesan megah royal
Hotel Grand Zuri,Kuta,handuk tidak_gratis harus sewa
Hotel Grand Zuri,Kuta,harga perlu ada promo
Hotel Grand Zuri,Kuta,kamar menggunakan tv kabel
Hotel Grand Zuri,Kuta,hotel sedikit mahal
Hotel Grand Zuri,Kuta,nyaman kasur
Hotel Grand Zuri,Kuta,shower berfungsi baik
Hotel Grand Zuri,Kuta,hotel baru
Hotel Grand Zuri,Kuta,booking room dkasih room ada orangnya
Hotel Grand Zuri,Kuta,pelayanan keramahan staff baik
Hotel Grand Zuri,Kuta,terletak jalan jogokaryan berada meter masjid jogokaryan terkenal
Hotel Grand Zuri,Kuta,pelayanan mulai pengaturan parkir keluar masuk tidak_bantu
Hotel Grand Zuri,Kuta,pelayanan kaku
Hotel Grand Zuri,Kuta,referensi resort cocok liburan pas kantong
Hotel Grand Zuri,Kuta,pelayanan staff reto sarapan lambat refill makanan minuman habis
Hotel Grand Zuri,Kuta,kolam_renang luas pemandangan keren
Hotel Grand Zuri,Kuta,makanan minuman habis
Hotel Grand Zuri,Kuta,staff bersahabat membantu
Hotel Grand Zuri,Kuta,sayang lokasi penuh kemacetan pusat_kota
Hotel Grand Zuri,Kuta,alat_makan disiapkan terpisah aman
Hotel Grand Zuri,Kuta,ac kuno
Hotel Grand Zuri,Kuta,rasa asin lidah
Hotel Grand Zuri,Kuta,taman luas
Hotel Grand Zuri,Kuta,datang sambut hangat
Hotel Grand Zuri,Kuta,letak oke
Hotel Grand Zuri,Kuta,mendapat kamar pemandangan diinginkan
Hotel Grand Zuri,Kuta,sarapan luar_biasa
Hotel Grand Zuri,Kuta,sarapan banyak habis
Hotel Grand Zuri,Kuta,tidak_tertera nama guest house
Hotel Grand Zuri,Kuta,tempat_parkir lebih_baik diberi atap tidak_kehujanan
Hotel Grand Zuri,Kuta,pertama pelayanan awal kurang
Hotel Grand Zuri,Kuta,ruangan kamar bagus nuansa klasik eropa
Hotel Grand Zuri,Kuta,suka ramah_tamah
Hotel Grand Zuri,Kuta,lokasi dekat kantor cabang perjalanan bisnis
Hotel Grand Zuri,Kuta,sarapan minimalis kelas bintang_lima
Hotel Grand Zuri,Kuta,jauh toko
Hotel Grand Zuri,Kuta,handuk gelas steril dibungkus plastik
Hotel Grand Zuri,Kuta,samping hotel ada food centrum
Hotel Grand Zuri,Kuta,menu sarapan pelit
Hotel Grand Zuri,Kuta,harga sewa unit kamar mahal
Hotel Grand Zuri,Kuta,pilihan menu set american continental tradisional
Hotel Grand Zuri,Kuta,makanan tidak_enak tidak_niat
Hotel Grand Zuri,Kuta,jalan_kaki_lima menit sampai malioboro legendaris kota jogja
Hotel Grand Zuri,Kuta,hanya kerupuk enak lainnya zonk
Hotel Grand Zuri,Kuta,staff hotel cantik cantik ganteng ganteng
Hotel Grand Zuri,Kuta,dekat malioboro dekat gudeg yudjum
Hotel Grand Zuri,Kuta,kamar_mandi dilengkapi bathtub bathsoap heat water hair_dryer lengkap
Hotel Grand Zuri,Kuta,air kamar_mandi lancar
Hotel Grand Zuri,Kuta,staff perlu diberi pelatihan sedikit
Hotel Grand Zuri,Kuta,sarapan oke harga segitu
Hotel Grand Zuri,Kuta,ada deposit seratus_ribu jaminan apabila ada kerusakan
Hotel Grand Zuri,Kuta,menu sarapan seadanya
Hotel Grand Zuri,Kuta,lift nunggu lama
Hotel Grand Zuri,Kuta,harga promo bukan_harga final masih ada tambahan_biaya
Hotel Grand Zuri,Kuta,sarapan prasmanan anak ada tambahan_biaya
Hotel Grand Zuri,Kuta,jalanan sepanjang lapangan golf bersih hijau
Hotel Grand Zuri,Kuta,lintas depan hotel padat
Hotel Grand Zuri,Kuta,menu sarapan variasi masakan tradisional asia setaraf hotel bintang_lima puas
Hotel Grand Zuri,Kuta,sulit cari tempat
Hotel Grand Zuri,Kuta,makanan harus pilih tidak_dapat semua menu
Hotel Grand Zuri,Kuta,tidak_puas pelayanan hotel
Hotel Grand Zuri,Kuta,hotel ada starbucks
Hotel Grand Zuri,Kuta,kolam_renang banyak kaporit
Hotel Grand Zuri,Kuta,lobi depan lift bocor
Hotel Grand Zuri,Kuta,mudah diakses dikelilingi coffee_shop
Hotel Grand Zuri,Kuta,pelayanan cepat diantar
Hotel Grand Zuri,Kuta,aroma therapy hotel lekat suasana yogyakarta
Hotel Grand Zuri,Kuta,harga tidak_ramah_kantong mahal
Hotel Grand Zuri,Kuta,tempat_parkir kecil
Hotel Aveline,Ubud,kolam_renang bersih ramah_anak
Hotel Aveline,Ubud,sarapan variatif rasa
Hotel Aveline,Ubud,jalan depan padat
Hotel Aveline,Ubud,kecewa sarapan anak bayar
Hotel Aveline,Ubud,dekat tempat bersejarah dekat stasiun
Hotel Aveline,Ubud,early_checkin harus bayar tambahan_biaya
Hotel Aveline,Ubud,setiap kamar terdapat bathtub
Hotel Aveline,Ubud,harga cenderung tinggi
Hotel Aveline,Ubud,ruang sauna kecil campur cowok cewek
Hotel Aveline,Ubud,staff abai
Hotel Aveline,Ubud,dapat harga murah pakai voucher
Hotel Aveline,Ubud,koridor seperti kos
Hotel Aveline,Ubud,jauh tempat_kuliner
Hotel Aveline,Ubud,gratis andong keliling
Hotel Aveline,Ubud,fasilitas tidak_termasuk harga kamar
Hotel Aveline,Ubud,sesuai kantong
Hotel Aveline,Ubud,jalan masuk lokasi menantang
Hotel Aveline,Ubud,alat_mandi harus sewa
Hotel Aveline,Ubud,lokasi dapat diakses google_maps
Hotel Aveline,Ubud,titik lokasi maps melenceng
Hotel Aveline,Ubud,dekat ringroad dekat pasar prawitotaman dekat spbu masjid jogokaryan fenomenal
Hotel Aveline,Ubud,sarapan bubur_ayam dingin
Hotel Aveline,Ubud,pemandangan memanjakan mata
Hotel Aveline,Ubud,kamar_mandi bersih perlengkapan_mandi ada
Hotel Aveline,Ubud,pintu tembok kamar perlu perbaikan dibersihkan
Hotel Aveline,Ubud,hotel mahal zonk
Hotel Aveline,Ubud,harga cocok menginap istirahat
Hotel Aveline,Ubud,jarak dekat
Hotel Aveline,Ubud,sulit urusan uang harus ada jaminan
Hotel Aveline,Ubud,pilihan makanan sarapan sedikit
Hotel Aveline,Ubud,hair_dryer rental sewa bayar tiga_lima_ribu
Hotel Aveline,Ubud,harga tidak_sesuai ditawarkan
Hotel Aveline,Ubud,kamar rapi desain interior menarik modern nyaman istirahat
Hotel Aveline,Ubud,interior kamar bagus penataan modern
Hotel Aveline,Ubud,ranjang empuk
Hotel Aveline,Ubud,sayang persediaan sarapan cepat habis ramai
Hotel Aveline,Ubud,cocok menginap menunggu jadwal kereta
Hotel Aveline,Ubud,asik sarapan menu bebas msg
Hotel Aveline,Ubud,pemandangan nyaman
Hotel Aveline,Ubud,lokasi dekat resto hits
Hotel Aveline,Ubud,lobi baik interior
Hotel Aveline,Ubud,sarapan variatif ada jamu jus segar
Hotel Aveline,Ubud,sebelum jam sarapan habis staff beresin semua makanan
Hotel Aveline,Ubud,harga makanan tidak_bersahabat
Hotel Aveline,Ubud,menu makanan enak
Hotel Aveline,Ubud,sarapan tidak_ada pilihan kemanisan
Hotel Aveline,Ubud,sarung bantal bau
Hotel Aveline,Ubud,kamar luas ada sofa kulkas
Hotel Aveline,Ubud,flush toilet macet
Hotel Aveline,Ubud,handuk tidak_ada harus sewa
Hotel Aveline,Ubud,steak enak enak mantap
Hotel Aveline,Ubud,lokasi sedikit jauh pusat_kota
Hotel Aveline,Ubud,akses jalan kecil
Hotel Aveline,Ubud,kamar luas ukuran hotel desain unik
Hotel Aveline,Ubud,sarapan ada menu dagingnya
Hotel Aveline,Ubud,hotel sebelah mall banyak makanan depan hotel
Hotel Aveline,Ubud,lambat merespon permintaan tamu
Hotel Aveline,Ubud,harga dibayar tidak_sesuai fasilitas
Hotel Aveline,Ubud,kebersihan kamar kamar_mandi diperhatikan
Hotel Aveline,Ubud,keran toilet washer bocor
Hotel Aveline,Ubud,massage murah
Hotel Aveline,Ubud,olahan menu makan_malam enak perpaduan tradisional modern
Hotel Aveline,Ubud,staff resepsionis cukup ramah bantu proses checkin checkout
Hotel Aveline,Ubud,harga minimalis murah
Hotel Aveline,Ubud,harga murah sesuai ditawarkan
Hotel Aveline,Ubud,staff resepsionis satpam houskeeping simpatik senang
Hotel Aveline,Ubud,menu sarapan makan_malam enak
Hotel Aveline,Ubud,kolam_renang luas ada kid_kolam_renang
Hotel Aveline,Ubud,colokan hanya satu bawah tv
Hotel Aveline,Ubud,sarapan ada menu jajanan_pasar khas jogja
Hotel Aveline,Ubud,jalan menuju lokasi batu kasar belum_aspal
Hotel Aveline,Ubud,tidak_sopan tidak_ramah pelayanan resepsionis
Hotel Aveline,Ubud,kolam_renang tutup
Hotel Aveline,Ubud,pihak resto memberi pelayanan terbaik tidak_mengecewakan
Hotel Aveline,Ubud,lokasi mudah cari dekat simpang_lima
Hotel Aveline,Ubud,hotel angkat tema industrial
Hotel Aveline,Ubud,staff hotel ramah
Hotel Aveline,Ubud,hotel tengah_kota suasana desa
Hotel Aveline,Ubud,harga lebih_mahal hotel bintang_lima sekitarnya
Hotel Aveline,Ubud,ada salad segar
Hotel Aveline,Ubud,pelayanan ramah baik
Hotel Aveline,Ubud,bangunan kamar kekinian
Hotel Aveline,Ubud,dekat tugu yogja
Hotel Aveline,Ubud,hanya sarapan tidak_enak
Hotel Aveline,Ubud,staff lambat memberikan keluhan
Hotel Aveline,Ubud,lokasi sulit ditemukan pendatang menggunakan transportasi umum
Hotel Aveline,Ubud,harga hanya seratus_ribu
Hotel Aveline,Ubud,tidak_ramah_anak
Hotel Aveline,Ubud,staff tidak_ramah
Hotel Aveline,Ubud,bayar tidak_termasuk sarapan
Hotel Aveline,Ubud,ada gratis makan_malam
Hotel Aveline,Ubud,menginap mendapat promo
Hotel Aveline,Ubud,cari lokasi perlu teliti
Hotel Aveline,Ubud,jalan menuju lokasi cukup berat menanjak atas
Hotel Aveline,Ubud,lantai kena tinta harus bayar denda
Hotel Aveline,Ubud,seperti hotel tua
Hotel Aveline,Ubud,makanan mahal
Hotel Aveline,Ubud,kapasitas lift kecil
Hotel Aveline,Ubud,suasana sejuk terseret ruang waktu kembali jaman kerajaan jawa tempo
Hotel Aveline,Ubud,staff mengatur parkir marah_marah
Hotel Aveline,Ubud,hotel wow harga promo murah terus promo diskon
Hotel Aveline,Ubud,kolam_renang hijau lumut tidak_terawat
Hotel Aveline,Ubud,tidak_senyum sapa salam seperti lainnya
Hotel Aveline,Ubud,sound_system aula bagus
Hotel Swiss-Belinn,Surabaya,pancuran shower rusak
Hotel Swiss-Belinn,Surabaya,akses kemana_mana mudah
Hotel Swiss-Belinn,Surabaya,terletak tengaj perumahan aksesbilitas sulit
Hotel Swiss-Belinn,Surabaya,harga jual kamar hotel tinggi
Hotel Swiss-Belinn,Surabaya,lokasi perlu lewat puncak terganggu macet
Hotel Swiss-Belinn,Surabaya,resto kecil tidak_bisa menampung semua tamu
Hotel Swiss-Belinn,Surabaya,ruang spa tidak_berfungsi peralatan gym area rusak perlu diganti
Hotel Swiss-Belinn,Surabaya,kekurangan tidak_ada keset kamar_mandi
Hotel Swiss-Belinn,Surabaya,prokes sarapan jumlah orang tidak_diterapkan
Hotel Swiss-Belinn,Surabaya,prokes setiap_jam ada penyemprotan khusus
Hotel Swiss-Belinn,Surabaya,sauna jacuzzi tutup
Hotel Swiss-Belinn,Surabaya,tidak_terlihat jalan_utama
Hotel Swiss-Belinn,Surabaya,akses jalan proses pengerjaan
Hotel Swiss-Belinn,Surabaya,hotel tenang jauh keramaian lalu_lintas
Hotel Swiss-Belinn,Surabaya,akses kamar pakai lift menggunakan kartu sehingga aman
Hotel Swiss-Belinn,Surabaya,suara musik rooftop bar tengah malam terdengar
Hotel Swiss-Belinn,Surabaya,hotel tidak_ada tangga jalan koper
Hotel Swiss-Belinn,Surabaya,variasi termasuk minuman jamu disukai orang tua
Hotel Swiss-Belinn,Surabaya,kamar_mandi tidak_berdekatan shower mandi kloset
Hotel Swiss-Belinn,Surabaya,suasana sepi nyaman membuat betah
Hotel Swiss-Belinn,Surabaya,tidak_ada staff menolong
Hotel Swiss-Belinn,Surabaya,ada grab wheel
Hotel Swiss-Belinn,Surabaya,pemesanan konfirmasi hotel baik minta extend kamar cepat efisien
Hotel Swiss-Belinn,Surabaya,pintu masuk dekat lampu_merah sulit masuknya
Hotel Swiss-Belinn,Surabaya,antre lama
Hotel Swiss-Belinn,Surabaya,jauh pusat keramaian malioboro
Hotel Swiss-Belinn,Surabaya,staff murah senyum
Hotel Swiss-Belinn,Surabaya,nasi sushi lembek tidak_enak
Hotel Swiss-Belinn,Surabaya,lokasi jauh jalan_raya
Hotel Swiss-Belinn,Surabaya,beli oleh_oleh dekat terjangkau jalan_kaki
Hotel Swiss-Belinn,Surabaya,waktu refill makanan memakan waktu lama
Hotel Swiss-Belinn,Surabaya,harga tidak_sesuai
Hotel Swiss-Belinn,Surabaya,paling suka minuman tradisional jamu
Hotel Swiss-Belinn,Surabaya,shower kecil tidak_panas
Hotel Swiss-Belinn,Surabaya,pilihan makanan beragam aneka takjil kurma jenang sup_buah jajanan_pasar
Hotel Swiss-Belinn,Surabaya,kamar nyaman bantal besar empuk
Hotel Swiss-Belinn,Surabaya,lampu dapur kamar rusak berkedip
Hotel Swiss-Belinn,Surabaya,nanjak tinggi jauh tempat_parkir
Hotel Swiss-Belinn,Surabaya,dinding kamar lembab
Hotel Swiss-Belinn,Surabaya,oke harga dua_ratus_ribu
Hotel Swiss-Belinn,Surabaya,sarapan anak disuruh bayar
Hotel Swiss-Belinn,Surabaya,hotel sesuai anggaran
Hotel Swiss-Belinn,Surabaya,ada deposit dua_ratus_ribu
Hotel Swiss-Belinn,Surabaya,akses menuju lokasi wisata jauh
Hotel Swiss-Belinn,Surabaya,staff bagian depan baik responsif
Hotel Swiss-Belinn,Surabaya,tempat_tidur cukup baik penerangan cukup baik
Hotel Swiss-Belinn,Surabaya,cara bicara penjaga tidak_sopan sombong
Hotel Swiss-Belinn,Surabaya,ada outdoor playground anak_kecil
Hotel Swiss-Belinn,Surabaya,jamu beras_kencur kunyit_asam mencuri perhatian
Hotel Swiss-Belinn,Surabaya,lebih_baik hotel lain anggaran sama
Hotel Swiss-Belinn,Surabaya,makanan monoton tidak_ada variasi
Hotel Swiss-Belinn,Surabaya,koper patah dijatuhkan bell_boy
Hotel Swiss-Belinn,Surabaya,ada fasilitas kolam_renang air_panas air_dingin sauna fitness center
Hotel Swiss-Belinn,Surabaya,gratis makanan
Hotel Swiss-Belinn,Surabaya,makanan ada resto bervariasi
Hotel Swiss-Belinn,Surabaya,harga masih oke
Hotel Swiss-Belinn,Surabaya,sarapan variatif
Hotel Swiss-Belinn,Surabaya,hotel panas
Hotel Swiss-Belinn,Surabaya,shuttle_bus gratis
Hotel Swiss-Belinn,Surabaya,mie laksa tidak_sesuai standar
Hotel Swiss-Belinn,Surabaya,kopi teh pop mie gratis
Hotel Swiss-Belinn,Surabaya,harga satu juta tidak_cocok dibanding hotel lain harga sama
Hotel Swiss-Belinn,Surabaya,masakan standar
Hotel Swiss-Belinn,Surabaya,akses jauh jalan besar mobil sulit masuk
Hotel Swiss-Belinn,Surabaya,menu kosong cepat diisi waktu sarapan habis
Hotel Swiss-Belinn,Surabaya,pelayanan tetap profesional
Hotel Swiss-Belinn,Surabaya,letak dekat pusat_kota jogja
Hotel Swiss-Belinn,Surabaya,ada kulkas dispenser
Hotel Swiss-Belinn,Surabaya,kolam_renang baik
Hotel Swiss-Belinn,Surabaya,air shower deras jernih
Hotel Swiss-Belinn,Surabaya,tidak_manusiawi satpam memperlakukan driver gojek antar makanan tamu
Hotel Swiss-Belinn,Surabaya,makanan kosong terlambat refill sarapan makan_siang
Hotel Swiss-Belinn,Surabaya,desain interior kamar bagus
Hotel Swiss-Belinn,Surabaya,staff tidak_profesional tidak_ada permintaan maaf
Hotel Swiss-Belinn,Surabaya,makanan prasmanan rasa standar
Hotel Swiss-Belinn,Surabaya,kamar ada tempat jemur pakaian balkon
Hotel Swiss-Belinn,Surabaya,satpam pilih kasih naik mobil tidak_dipersika naik motor butut diperiksa tidak_perlu pilih kasih
Hotel Swiss-Belinn,Surabaya,pelayanan kelas melati
Hotel Swiss-Belinn,Surabaya,checkin lama menunggu kamar dibersihkan
Hotel Swiss-Belinn,Surabaya,sarapan tidak_berwarna tidak_variasi tidak_seperti hotel bintang_tiga bintang_empat pada umumnya
Hotel Swiss-Belinn,Surabaya,desain kamar minimalis sederhana
Hotel Swiss-Belinn,Surabaya,staff keamanan tukang parkir tidak_menghormati tamu
Hotel Swiss-Belinn,Surabaya,lobi penuh tiga_puluh_tiga kamar tidak_siap
Hotel Swiss-Belinn,Surabaya,harga mahal membuat kantong jebol
Hotel Swiss-Belinn,Surabaya,staff hanya satu pelayanan terganggu
Hotel Swiss-Belinn,Surabaya,kualitas kamar kamar_mandi tidak_nyaman
Hotel Swiss-Belinn,Surabaya,staff diam tidak_bantu
Hotel Swiss-Belinn,Surabaya,lantai kamar licin seperti dipel detergen
Hotel Swiss-Belinn,Surabaya,staff tidak_ramah datang tidak_sambut
Hotel Swiss-Belinn,Surabaya,ada staff tiba_tiba masuk
Hotel Swiss-Belinn,Surabaya,lokasi masuk sulit bawa kendaraan
Hotel Swiss-Belinn,Surabaya,wifi layak cukup cepat
Hotel Swiss-Belinn,Surabaya,tidak_ada cafe live_music
Hotel Swiss-Belinn,Surabaya,makanan enak nasi rames bubur_ayam omelet buah puding roti
Hotel Swiss-Belinn,Surabaya,makanan enak super lengkap mulai makanan indonesia sampai mancanegara
Hotel Swiss-Belinn,Surabaya,harga tambah kasur dua_ratus_ribu mahal dibanding lain
Hotel Swiss-Belinn,Surabaya,kolam besar tidak_terkalahkan
Hotel Swiss-Belinn,Surabaya,ruang_rapat nyaman
Hotel Swiss-Belinn,Surabaya,ketinggalan barang ada telepon
Hotel Swiss-Belinn,Surabaya,makanan sedikit cepat habis
Hotel Swiss-Belinn,Surabaya,harga tawarkan mahal
Hotel Swiss-Belinn,Surabaya,fasilitas hotel parah mengecewakan
Hotel Swiss-Belinn,Surabaya,lokasi jauh stasiun malioboro
Hotel Swiss-Belinn,Surabaya,makanan tidak_enak
Hotel Amaris,Bandung,tidak_semua staff gemar sapa ada mas nabrak hanya melihat
Hotel Amaris,Bandung,harga termasuk pajak pelayanan
Hotel Amaris,Bandung,protokol covid diutamakan
Hotel Amaris,Bandung,staff tidak_senyum banyak abai
Hotel Amaris,Bandung,sesuai range harga
Hotel Amaris,Bandung,hotel nyaman strategis
Hotel Amaris,Bandung,banyak semut kamar banyak makanan meja
Hotel Amaris,Bandung,resepsionis bantu
Hotel Amaris,Bandung,kamar karpet kecil harga mahal
Hotel Amaris,Bandung,tempat cocok acara wedding
Hotel Amaris,Bandung,citarasa makanan oke suka menu sego_luwuk
Hotel Amaris,Bandung,baik harga segini
Hotel Amaris,Bandung,resto tutup tidak_menerima order sarapan
Hotel Amaris,Bandung,bangunan tua selot pintu rusak
Hotel Amaris,Bandung,kamar_mandi lengkap hair_dryer
Hotel Amaris,Bandung,handuk bekas dipakai tamu sebelum
Hotel Amaris,Bandung,arsitektur menarik mirip candi
Hotel Amaris,Bandung,staff hotel ramah berpapasan sopan
Hotel Amaris,Bandung,ada menu gudeg khas jogja
Hotel Amaris,Bandung,perhatikan kebersihan makanan
Hotel Amaris,Bandung,sarapan bersih enak
Hotel Amaris,Bandung,iklan traveloka murah
Hotel Amaris,Bandung,harga parkir dibebankan customer
Hotel Amaris,Bandung,perlu cari chef menyajikan menu citarasa sesuai kelas bintang
Hotel Amaris,Bandung,lokasi jauh jalan_raya banyak anak tangga sebelum sampai hotel
Hotel Amaris,Bandung,lokasi strategis jalan_besar mudah ditemukan
Hotel Amaris,Bandung,alat_makan disuruh bayar
Hotel Amaris,Bandung,hanya bawa satu roti tidak_boleh
Hotel Amaris,Bandung,harus bayar parkir tidak_gratis
Hotel Amaris,Bandung,handuk bau aneh
Hotel Amaris,Bandung,sayang jauh keramaian maupun ojol
Hotel Amaris,Bandung,tempat sejuk jauh bising panas kota
Hotel Amaris,Bandung,saran tambah roti kue tradisional jogja
Hotel Amaris,Bandung,tidak_ada tempat ibadah sholat
Hotel Amaris,Bandung,tidak_bisa checkin lebih awal pesan online
Hotel Amaris,Bandung,relatif jauh atm minimarket
Hotel Amaris,Bandung,hotel banyak aktivitas fasilitas bisa membangkitkan mood liburan keluarga
Hotel Amaris,Bandung,ada kids playground anak bisa bermain
Hotel Amaris,Bandung,ada western makanan indonesia
Hotel Amaris,Bandung,staff sopan
Hotel Amaris,Bandung,hotel murah
Hotel Amaris,Bandung,harga mahal tidak_bersahabat
Hotel Amaris,Bandung,lokasi asik dekat malioboro mall pasar bringharjo
Hotel Amaris,Bandung,enak
Hotel Amaris,Bandung,kamar bunyi tikus
Hotel Amaris,Bandung,pesan kamar harga satu juta zonk menyesal mengecewakan
Hotel Amaris,Bandung,hotel besar konsep resort
Hotel Amaris,Bandung,beberapa spot hotel dalam tahap perbaikan
Hotel Amaris,Bandung,lengkap ada banyak menu indonesia
Hotel Amaris,Bandung,pihak hotel memberi kompensasi upgrade_kamar
Hotel Amaris,Bandung,tempat masuk gang sulit dicari
Hotel Amaris,Bandung,interior hotel mewah menggunakan marmet lampu kristal
Hotel Amaris,Bandung,setiap butuh langsung secepatnya disiapkan pihak hotel
Hotel Amaris,Bandung,lokasi jauh sulit pergi kemana_mana cari kendaraan
Hotel Amaris,Bandung,banyak hotel bintang_lima harga lebih_murah
Hotel Amaris,Bandung,kolam_renang kecil
Hotel Amaris,Bandung,suka interior kamar
Hotel Amaris,Bandung,letak cukup jauh masuk dalam gang sempit
Hotel Amaris,Bandung,promo diskon
Hotel Amaris,Bandung,bersih ruangan kamar
Hotel Amaris,Bandung,lokasi rawan macet cukup parah
Hotel Amaris,Bandung,harga terjangkau backapacker
Hotel Amaris,Bandung,tidak_senyum
Hotel Amaris,Bandung,soto gorengan mantap
Hotel Amaris,Bandung,suasana rumahan ada taman kolam_ikan pohon
Hotel Amaris,Bandung,kamar seperti lama tidak_ditempati
Hotel Amaris,Bandung,kamar tidak_dirapikan setiap_hari
Hotel Amaris,Bandung,genset hotel tidak_bisa nyala
Hotel Amaris,Bandung,menu variasi
Hotel Amaris,Bandung,pindah kamar dapat upgrade
Hotel Amaris,Bandung,baik staff
Hotel Amaris,Bandung,pemandangan sky bar cantik
Hotel Amaris,Bandung,lokasi dekat kampus dekat hartono_mall
Hotel Amaris,Bandung,staff ramah aspiratif
Hotel Amaris,Bandung,tidak_ada parkir motor
Hotel Amaris,Bandung,setiap_hari menu makanan berbeda tidak_bosan menyenangkan
Hotel Amaris,Bandung,fasilitas olahraga minimalis kolam_renang kecil kecewa
Hotel Amaris,Bandung,makanan tidak_enak lidah
Hotel Amaris,Bandung,lebih_murah langsung reservasi via call_center
Hotel Amaris,Bandung,tidak_sesuai harga dibayar
Hotel Amaris,Bandung,satpam bisa lebih sopan tamu
Hotel Amaris,Bandung,pelayanan ramah efisien
Hotel Amaris,Bandung,kamar tidak_berkarpet
Hotel Amaris,Bandung,perlu tingkatkan keramahan staff
Hotel Amaris,Bandung,tidak_ada cermin rias dalam kamar
Hotel Amaris,Bandung,kamar bersih
Hotel Amaris,Bandung,makanan diambil aman pandemi
Hotel Amaris,Bandung,lokasi cukup enak
Hotel Amaris,Bandung,petunjuk jalan tempat masuk tidak_terlihat
Hotel Amaris,Bandung,harga cukup sekelas hotel nyaman
Hotel Amaris,Bandung,akses menuju lokasi jalan rusak belum_aspal
Hotel Amaris,Bandung,jauh kota tidak_bisa kemana_mana
Hotel Amaris,Bandung,menuju hotel seperti mendaki gunung lewati lembah
Hotel Amaris,Bandung,nasgor asin
Hotel Amaris,Bandung,pembatalan secara sepihak membuat customer merasa dirugikan
Hotel Amaris,Bandung,rekomendasi nasgor iga porsi besar citarasa enak
Hotel Amaris,Bandung,waffle enak
Hotel Amaris,Bandung,hotel satu gedung mall
Hotel Amaris,Bandung,rasa nasgor seperti hanya diberi bumbu instan
Hotel Amaris,Bandung,bangunan usang
Hotel Amaris,Bandung,air_panas dingin kamar_mandi mengalir baik
Hotel Amaris,Bandung,amenities tidak_lengkap
Hotel Amaris,Bandung,rooftop asik bersantai
Hotel Amaris,Bandung,satu jam menunggu masuk kamar
