sentence_id	token	label
0	Pengalaman	O
0	di	O
0	Hotel	B-HOTEL
0	Santika	I-HOTEL
0	Semarang	B-LOC
0	,	O
0	soto	O
0	gorengan	O
0	mantap	O

1	Saya	O
1	menginap	O
1	di	O
1	Hotel	B-HOTEL
1	Tentrem	I-HOTEL
1	di	O
1	Surabaya	B-LOC
1	,	O
1	kamar_mandi	O
1	kran	O
1	bocor	O
1	kotor	O

2	Ulasan	O
2	tamu	O
2	di	O
2	Hotel	B-HOTEL
2	Santika	I-HOTEL
2	Kuta	B-LOC
2	:	O
2	harga	B-ASPECT
2	lima_ratus_ribu	O
2	tidak_pas	O

3	Ulasan	O
3	tamu	O
3	di	O
3	Hotel	B-HOTEL
3	Ibis	I-HOTEL
3	Malang	B-LOC
3	:	O
3	makanan	B-ASPECT
3	sarapan	I-ASPECT
3	tidak_gambar	O
3	tidak_bumbu	O
3	hambar	O

4	Saya	O
4	menginap	O
4	di	O
4	Hotel	B-HOTEL
4	Grand	I-HOTEL
4	Candi	I-HOTEL
4	di	O
4	Yogyakarta	B-LOC
4	,	O
4	handuk	O
4	gelas	O
4	steril	O
4	dibungkus	O
4	plastik	O

5	Ulasan	O
5	tamu	O
5	di	O
5	Hotel	B-HOTEL
5	Tentrem	I-HOTEL
5	Kuta	B-LOC
5	:	O
5	senang	O
5	hotel	O
5	menyediakan	O
5	fasilitas	B-ASPECT
5	sewa	O
5	motor	O

6	akses	B-ASPECT
6	masuk	O
6	hotel	O
6	sulit	O
6	posisi	O
6	tikungan	O
6	,	O
6	ini	O
6	pendapat	O
6	saya	O
6	soal	O
6	Hotel	B-HOTEL
6	Horison	I-HOTEL
6	di	O
6	Surabaya	B-LOC

7	Pengalaman	O
7	di	O
7	Hotel	B-HOTEL
7	Tentrem	I-HOTEL
7	Jakarta	B-LOC
7	,	O
7	harga	B-ASPECT
7	murah	I-ASPECT
7	hotel	O
7	baik	O

8	interior	O
8	hotel	O
8	minimalis	O
8	manis	O
8	,	O
8	ini	O
8	pendapat	O
8	saya	O
8	soal	O
8	Hotel	B-HOTEL
8	Grand	I-HOTEL
8	Candi	I-HOTEL
8	di	O
8	Bandung	B-LOC

9	Saya	O
9	menginap	O
9	di	O
9	Hotel	B-HOTEL
9	Novotel	I-HOTEL
9	di	O
9	Solo	B-LOC
9	,	O
9	kolam_renang	O
9	luas	O
9	pemandangan	O
9	keren	O

10	Ulasan	O
10	tamu	O
10	di	O
10	Hotel	B-HOTEL
10	Tentrem	I-HOTEL
10	Bali	B-LOC
10	:	O
10	harga	B-ASPECT
10	cocok	O
10	menginap	O
10	istirahat	O

11	Ulasan	O
11	tamu	O
11	di	O
11	Hotel	B-HOTEL
11	Santika	I-HOTEL
11	Malang	B-LOC
11	:	O
11	sarapan	B-ASPECT
11	enak	O
11	tidak_bisa	O
11	berhenti	O
11	makan	O

12	Pengalaman	O
12	di	O
12	Hotel	B-HOTEL
12	Novotel	I-HOTEL
12	Bali	B-LOC
12	,	O
12	hotel	O
12	tidak_nyaman	O

13	Ulasan	O
13	tamu	O
13	di	O
13	Hotel	B-HOTEL
13	Grand	I-HOTEL
13	Candi	I-HOTEL
13	Jakarta	B-LOC
13	:	O
13	shower	O
13	air_panas	O
13	lancar	O

14	Pengalaman	O
14	di	O
14	Hotel	B-HOTEL
14	Gumaya	I-HOTEL
14	Yogyakarta	B-LOC
14	,	O
14	jalan	O
14	area	O
14	parkir	O
14	belokan	O
14	tajam	O
14	sempit	O

15	Saya	O
15	menginap	O
15	di	O
15	Hotel	B-HOTEL
15	Ibis	I-HOTEL
15	di	O
15	Bali	B-LOC
15	,	O
15	lampu	O
15	kamar	B-ASPECT
15	redup	O

16	Saya	O
16	menginap	O
16	di	O
16	Hotel	B-HOTEL
16	Santika	I-HOTEL
16	di	O
16	Semarang	B-LOC
16	,	O
16	lift	B-ASPECT
16	nunggu	O
16	lama	O

17	Saya	O
17	menginap	O
17	di	O
17	Hotel	B-HOTEL
17	Ciputra	I-HOTEL
17	di	O
17	Yogyakarta	B-LOC
17	,	O
17	harga	B-ASPECT
17	terjangkau	O
17	sesuai	O
17	fasilitas	O
17	berikan	O

18	Pengalaman	O
18	di	O
18	Hotel	B-HOTEL
18	Santika	I-HOTEL
18	Malang	B-LOC
18	,	O
18	harga	B-ASPECT
18	super	O
18	murah	B-ASPECT

19	Saya	O
19	menginap	O
19	di	O
19	Hotel	B-HOTEL
19	Patra	I-HOTEL
19	Jasa	I-HOTEL
19	di	O
19	Bali	B-LOC
19	,	O
19	datang	O
19	tidak_sambut	O

20	Saya	O
20	menginap	O
20	di	O
20	Hotel	B-HOTEL
20	Novotel	I-HOTEL
20	di	O
20	Bali	B-LOC
20	,	O
20	dekat	B-ASPECT
20	hotel	O
20	jual	O
20	banyak	O
20	makanan	O

21	Saya	O
21	menginap	O
21	di	O
21	Hotel	B-HOTEL
21	Ciputra	I-HOTEL
21	di	O
21	Yogyakarta	B-LOC
21	,	O
21	sauna	O
21	jacuzzi	O
21	tutup	O

22	Saya	O
22	menginap	O
22	di	O
22	Hotel	B-HOTEL
22	Horison	I-HOTEL
22	di	O
22	Surabaya	B-LOC
22	,	O
22	pelayanan	B-ASPECT
22	patut	O
22	diacungi	O
22	jempol	O

23	Pengalaman	O
23	di	O
23	Hotel	B-HOTEL
23	Patra	I-HOTEL
23	Jasa	I-HOTEL
23	Malang	B-LOC
23	,	O
23	cocok	O
23	istirahat	O
23	santai	O
23	tenang	O

24	Pengalaman	O
24	di	O
24	Hotel	B-HOTEL
24	Horison	I-HOTEL
24	Surabaya	B-LOC
24	,	O
24	harga	B-ASPECT
24	tidak_sesuai	O

25	Ulasan	O
25	tamu	O
25	di	O
25	Hotel	B-HOTEL
25	Grand	I-HOTEL
25	Candi	I-HOTEL
25	Surabaya	B-LOC
25	:	O
25	lokasi	B-ASPECT
25	pertokoan	O
25	tidak_nyaman	O

26	Pengalaman	O
26	di	O
26	Hotel	B-HOTEL
26	Novotel	I-HOTEL
26	Malang	B-LOC
26	,	O
26	desain	O
26	interior	O
26	kamar	B-ASPECT
26	bagus	O

27	Pengalaman	O
27	di	O
27	Hotel	B-HOTEL
27	Santika	I-HOTEL
27	Surabaya	B-LOC
27	,	O
27	kamar	B-ASPECT
27	menggunakan	O
27	tv	B-ASPECT
27	kabel	O

28	suasana	O
28	rumah	O
28	tenang	O
28	,	O
28	ini	O
28	pendapat	O
28	saya	O
28	soal	O
28	Hotel	B-HOTEL
28	Tentrem	I-HOTEL
28	di	O
28	Jakarta	B-LOC

29	Pengalaman	O
29	di	O
29	Hotel	B-HOTEL
29	Patra	I-HOTEL
29	Jasa	I-HOTEL
29	Bandung	B-LOC
29	,	O
29	kecewa	O
29	teh	O
29	panas	O
29	tidak_enak	O

30	Pengalaman	O
30	di	O
30	Hotel	B-HOTEL
30	Aston	I-HOTEL
30	Surabaya	B-LOC
30	,	O
30	harga	B-ASPECT
30	murah	I-ASPECT
30	tidak_mahal	O

31	kamar	B-ASPECT
31	luas	O
31	ada	O
31	sofa	O
31	kulkas	O
31	,	O
31	ini	O
31	pendapat	O
31	saya	O
31	soal	O
31	Hotel	B-HOTEL
31	Ibis	I-HOTEL
31	di	O
31	Malang	B-LOC

32	Saya	O
32	menginap	O
32	di	O
32	Hotel	B-HOTEL
32	Novotel	I-HOTEL
32	di	O
32	Surabaya	B-LOC
32	,	O
32	ternyata	O
32	tidak_hanya	O
32	dekat	B-ASPECT
32	masjid	O
32	jogokariyan	O
32	juga	O
32	dekat	B-ASPECT
32	pusat	O
32	perbelanjan	O
32	superindo	O
32	dekat	B-ASPECT
32	atm	O
32	spbu	O
32	makanan	O
32	rumahan	O

33	Ulasan	O
33	tamu	O
33	di	O
33	Hotel	B-HOTEL
33	Horison	I-HOTEL
33	Jakarta	B-LOC
33	:	O
33	sarapan	B-ASPECT
33	banyak	O
33	variasi	O
33	menu	B-ASPECT
33	masakan	O
33	jawa	O
33	pecel	O
33	soto	O
33	lauk	O

34	Saya	O
34	menginap	O
34	di	O
34	Hotel	B-HOTEL
34	Grand	I-HOTEL
34	Candi	I-HOTEL
34	di	O
34	Yogyakarta	B-LOC
34	,	O
34	hanya	O
34	kolam_renang	O
34	kecil	O

35	Ulasan	O
35	tamu	O
35	di	O
35	Hotel	B-HOTEL
35	Aston	I-HOTEL
35	Malang	B-LOC
35	:	O
35	hotel	O
35	ada	O
35	fasilitas	B-ASPECT
35	memetik	O
35	buah	O
35	taman	B-ASPECT
35	hidroponik	O

36	dekat	B-ASPECT
36	ringroad	O
36	dekat	B-ASPECT
36	pasar	O
36	prawitotaman	O
36	dekat	B-ASPECT
36	spbu	O
36	masjid	O
36	jogokaryan	O
36	fenomenal	O
36	,	O
36	ini	O
36	pendapat	O
36	saya	O
36	soal	O
36	Hotel	B-HOTEL
36	Gumaya	I-HOTEL
36	di	O
36	Malang	B-LOC

37	Ulasan	O
37	tamu	O
37	di	O
37	Hotel	B-HOTEL
37	Horison	I-HOTEL
37	Solo	B-LOC
37	:	O
37	sate	O
37	gosong	O
37	mentah	O
37	mengecewakan	O

38	Pengalaman	O
38	di	O
38	Hotel	B-HOTEL
38	Santika	I-HOTEL
38	Kuta	B-LOC
38	,	O
38	pelayanan	B-ASPECT
38	cepat	O
38	ramah	B-ASPECT
38	baik	O

39	Pengalaman	O
39	di	O
39	Hotel	B-HOTEL
39	Novotel	I-HOTEL
39	Yogyakarta	B-LOC
39	,	O
39	staff	B-ASPECT
39	membantu	O
39	mencari	O
39	lokasi	O
39	meja	O
39	kosong	O

40	lokasi	B-ASPECT
40	cukup	O
40	enak	O
40	,	O
40	ini	O
40	pendapat	O
40	saya	O
40	soal	O
40	Hotel	B-HOTEL
40	Gumaya	I-HOTEL
40	di	O
40	Bandung	B-LOC

41	Saya	O
41	menginap	O
41	di	O
41	Hotel	B-HOTEL
41	Grand	I-HOTEL
41	Candi	I-HOTEL
41	di	O
41	Solo	B-LOC
41	,	O
41	prokes	O
41	sarapan	O
41	jumlah	O
41	orang	O
41	tidak_diterapkan	O

42	Pengalaman	O
42	di	O
42	Hotel	B-HOTEL
42	Horison	I-HOTEL
42	Yogyakarta	B-LOC
42	,	O
42	mie	O
42	laksa	O
42	tidak_sesuai	O
42	standar	O

43	Saya	O
43	menginap	O
43	di	O
43	Hotel	B-HOTEL
43	Horison	I-HOTEL
43	di	O
43	Ubud	B-LOC
43	,	O
43	sekitaran	O
43	kolam_renang	O
43	anak	O
43	licin	O

44	Saya	O
44	menginap	O
44	di	O
44	Hotel	B-HOTEL
44	Aston	I-HOTEL
44	di	O
44	Bali	B-LOC
44	,	O
44	kamar	B-ASPECT
44	luas	O
44	kamar	B-ASPECT
44	besar	O
44	empuk	O

45	Ulasan	O
45	tamu	O
45	di	O
45	Hotel	B-HOTEL
45	Horison	I-HOTEL
45	Kuta	B-LOC
45	:	O
45	tim	O
45	teknis	O
45	cepat	O
45	memperbaiki	O

46	hotel	O
46	tidak_ada	O
46	tangga	O
46	jalan	O
46	koper	O
46	,	O
46	ini	O
46	pendapat	O
46	saya	O
46	soal	O
46	Hotel	B-HOTEL
46	Ibis	I-HOTEL
46	di	O
46	Bali	B-LOC

47	Pengalaman	O
47	di	O
47	Hotel	B-HOTEL
47	Grand	I-HOTEL
47	Candi	I-HOTEL
47	Yogyakarta	B-LOC
47	,	O
47	lokasi	B-ASPECT
47	sulit	O
47	dijangkau	O
47	masuk	O
47	dalam	O
47	komplek	O
47	perumahan	O
47	jalan	O
47	rusak	O

48	Ulasan	O
48	tamu	O
48	di	O
48	Hotel	B-HOTEL
48	Ciputra	I-HOTEL
48	Surabaya	B-LOC
48	:	O
48	tidak_semua	O
48	kamar	B-ASPECT
48	pemandangan	O
48	baik	O

49	Ulasan	O
49	tamu	O
49	di	O
49	Hotel	B-HOTEL
49	Tentrem	I-HOTEL
49	Ubud	B-LOC
49	:	O
49	extra	O
49	kasur	O
49	mahal	B-ASPECT

50	Ulasan	O
50	tamu	O
50	di	O
50	Hotel	B-HOTEL
50	Santika	I-HOTEL
50	Jakarta	B-LOC
50	:	O
50	resto	O
50	tutup	O
50	tidak_menerima	O
50	order	O
50	sarapan	B-ASPECT

51	Saya	O
51	menginap	O
51	di	O
51	Hotel	B-HOTEL
51	Horison	I-HOTEL
51	di	O
51	Bandung	B-LOC
51	,	O
51	checkin	O
51	efisien	O
51	cekatan	O
51	mantap	O

52	Saya	O
52	menginap	O
52	di	O
52	Hotel	B-HOTEL
52	Patra	I-HOTEL
52	Jasa	I-HOTEL
52	di	O
52	Kuta	B-LOC
52	,	O
52	masuk	O
52	tidak_ada	O
52	ucapan	O
52	welcome	O

53	terbaik	O
53	bisa	O
53	dinikmati	O
53	bisa	O
53	lihat	O
53	gunung_merapi	O
53	kamar	O
53	sendiri	O
53	,	O
53	ini	O
53	pendapat	O
53	saya	O
53	soal	O
53	Hotel	B-HOTEL
53	Ciputra	I-HOTEL
53	di	O
53	Kuta	B-LOC

54	Saya	O
54	menginap	O
54	di	O
54	Hotel	B-HOTEL
54	Tentrem	I-HOTEL
54	di	O
54	Kuta	B-LOC
54	,	O
54	kamar	B-ASPECT
54	sempit	O
54	agak	O
54	sumpek	O

55	Pengalaman	O
55	di	O
55	Hotel	B-HOTEL
55	Ciputra	I-HOTEL
55	Malang	B-LOC
55	,	O
55	harga	B-ASPECT
55	masih	O
55	oke	O

56	tidak_ada	O
56	arah	O
56	petunjuk	O
56	jalan	O
56	,	O
56	ini	O
56	pendapat	O
56	saya	O
56	soal	O
56	Hotel	B-HOTEL
56	Patra	I-HOTEL
56	Jasa	I-HOTEL
56	di	O
56	Kuta	B-LOC

57	Saya	O
57	menginap	O
57	di	O
57	Hotel	B-HOTEL
57	Santika	I-HOTEL
57	di	O
57	Surabaya	B-LOC
57	,	O
57	harga	B-ASPECT
57	segitu	O

58	Ulasan	O
58	tamu	O
58	di	O
58	Hotel	B-HOTEL
58	Santika	I-HOTEL
58	Bali	B-LOC
58	:	O
58	staff	B-ASPECT
58	tidak_senyum	O
58	banyak	O
58	abai	O

59	Saya	O
59	menginap	O
59	di	O
59	Hotel	B-HOTEL
59	Ibis	I-HOTEL
59	di	O
59	Kuta	B-LOC
59	,	O
59	jauh	B-ASPECT
59	kota	O
59	tidak_bisa	O
59	kemana_mana	B-ASPECT

60	Ulasan	O
60	tamu	O
60	di	O
60	Hotel	B-HOTEL
60	Ibis	I-HOTEL
60	Surabaya	B-LOC
60	:	O
60	kamar	B-ASPECT
60	eksekutif	O
60	luas	O
60	bersih	O

61	Saya	O
61	menginap	O
61	di	O
61	Hotel	B-HOTEL
61	Santika	I-HOTEL
61	di	O
61	Semarang	B-LOC
61	,	O
61	tidak_ada	O
61	staff	B-ASPECT
61	bantu	O
61	menurunkan	O
61	barang	O

62	Pengalaman	O
62	di	O
62	Hotel	B-HOTEL
62	Santika	I-HOTEL
62	Semarang	B-LOC
62	,	O
62	gratis	B-ASPECT
62	makanan	O

63	Saya	O
63	menginap	O
63	di	O
63	Hotel	B-HOTEL
63	Santika	I-HOTEL
63	di	O
63	Kuta	B-LOC
63	,	O
63	keluhan	O
63	ditangani	O
63	baik	O

64	Saya	O
64	menginap	O
64	di	O
64	Hotel	B-HOTEL
64	Ciputra	I-HOTEL
64	di	O
64	Jakarta	B-LOC
64	,	O
64	jamu	O
64	beras_kencur	O
64	kunyit_asam	O
64	mencuri	O
64	perhatian	O

65	ada	O
65	kebijakan	O
65	ada	O
65	masalah	O
65	jangan_membuat	O
65	customer	B-ASPECT
65	kecewa	O
65	,	O
65	ini	O
65	pendapat	O
65	saya	O
65	soal	O
65	Hotel	B-HOTEL
65	Horison	I-HOTEL
65	di	O
65	Bandung	B-LOC

66	lift	B-ASPECT
66	pengap	O
66	tidak_ada	O
66	pengharum	O
66	ruangan	O
66	,	O
66	ini	O
66	pendapat	O
66	saya	O
66	soal	O
66	Hotel	B-HOTEL
66	Tentrem	I-HOTEL
66	di	O
66	Jakarta	B-LOC

67	Ulasan	O
67	tamu	O
67	di	O
67	Hotel	B-HOTEL
67	Tentrem	I-HOTEL
67	Yogyakarta	B-LOC
67	:	O
67	kamar	B-ASPECT
67	rapi	O

68	harga	B-ASPECT
68	tidak_wajar	O
68	,	O
68	ini	O
68	pendapat	O
68	saya	O
68	soal	O
68	Hotel	B-HOTEL
68	Gumaya	I-HOTEL
68	di	O
68	Bali	B-LOC

69	Ulasan	O
69	tamu	O
69	di	O
69	Hotel	B-HOTEL
69	Gumaya	I-HOTEL
69	Jakarta	B-LOC
69	:	O
69	lokasi	B-ASPECT
69	tidak_mendukung	O

70	makanan	B-ASPECT
70	prasmanan	O
70	rasa	O
70	standar	O
70	,	O
70	ini	O
70	pendapat	O
70	saya	O
70	soal	O
70	Hotel	B-HOTEL
70	Santika	I-HOTEL
70	di	O
70	Semarang	B-LOC

71	Saya	O
71	menginap	O
71	di	O
71	Hotel	B-HOTEL
71	Novotel	I-HOTEL
71	di	O
71	Yogyakarta	B-LOC
71	,	O
71	lorong	O
71	hotel	O
71	bersih	O
71	wangi	O
71	full	O
71	karpet	O

72	kebersihan	O
72	kamar	B-ASPECT
72	baik	O
72	,	O
72	ini	O
72	pendapat	O
72	saya	O
72	soal	O
72	Hotel	B-HOTEL
72	Tentrem	I-HOTEL
72	di	O
72	Surabaya	B-LOC

73	Saya	O
73	menginap	O
73	di	O
73	Hotel	B-HOTEL
73	Aston	I-HOTEL
73	di	O
73	Malang	B-LOC
73	,	O
73	dekat	B-ASPECT
73	tugu	O
73	jogja	O

74	Saya	O
74	menginap	O
74	di	O
74	Hotel	B-HOTEL
74	Ciputra	I-HOTEL
74	di	O
74	Jakarta	B-LOC
74	,	O
74	hotel	O
74	tenang	O
74	jauh	B-ASPECT
74	keramaian	O
74	lalu_lintas	O

75	Ulasan	O
75	tamu	O
75	di	O
75	Hotel	B-HOTEL
75	Santika	I-HOTEL
75	Jakarta	B-LOC
75	:	O
75	hotel	O
75	tidak_ada	O
75	genset	O

76	Ulasan	O
76	tamu	O
76	di	O
76	Hotel	B-HOTEL
76	Grand	I-HOTEL
76	Candi	I-HOTEL
76	Kuta	B-LOC
76	:	O
76	transportasi	O
76	mudah	O

77	Saya	O
77	menginap	O
77	di	O
77	Hotel	B-HOTEL
77	Santika	I-HOTEL
77	di	O
77	Surabaya	B-LOC
77	,	O
77	pelayanan	B-ASPECT
77	diberi	O
77	setiap_saat	O

78	harga	B-ASPECT
78	baik	O
78	murah	B-ASPECT
78	sesuai	O
78	,	O
78	ini	O
78	pendapat	O
78	saya	O
78	soal	O
78	Hotel	B-HOTEL
78	Gumaya	I-HOTEL
78	di	O
78	Jakarta	B-LOC

79	Ulasan	O
79	tamu	O
79	di	O
79	Hotel	B-HOTEL
79	Tentrem	I-HOTEL
79	Malang	B-LOC
79	:	O
79	harga	B-ASPECT
79	oke	O
79	murah	B-ASPECT

80	Ulasan	O
80	tamu	O
80	di	O
80	Hotel	B-HOTEL
80	Aston	I-HOTEL
80	Malang	B-LOC
80	:	O
80	hotel	O
80	bau	O
80	tidak_wangi	O

81	coba	O
81	mengikuti	O
81	petunjuk	O
81	maps	O
81	tidak_akurat	O
81	,	O
81	ini	O
81	pendapat	O
81	saya	O
81	soal	O
81	Hotel	B-HOTEL
81	Gumaya	I-HOTEL
81	di	O
81	Solo	B-LOC

82	lokasi	B-ASPECT
82	langsung	O
82	dapat	O
82	dicapai	O
82	mudah	O
82	menggunaakn	O
82	waze	O
82	,	O
82	ini	O
82	pendapat	O
82	saya	O
82	soal	O
82	Hotel	B-HOTEL
82	Ciputra	I-HOTEL
82	di	O
82	Malang	B-LOC

83	Pengalaman	O
83	di	O
83	Hotel	B-HOTEL
83	Aston	I-HOTEL
83	Surabaya	B-LOC
83	,	O
83	tidak_ada	O
83	lift	B-ASPECT
83	harus	O
83	manual	O
83	naik	O
83	tangga	O

84	Ulasan	O
84	tamu	O
84	di	O
84	Hotel	B-HOTEL
84	Tentrem	I-HOTEL
84	Semarang	B-LOC
84	:	O
84	lorong	O
84	hotel	O
84	ada	O
84	sisa	O
84	piring	O
84	tidak_dibersihkan	O

85	Ulasan	O
85	tamu	O
85	di	O
85	Hotel	B-HOTEL
85	Novotel	I-HOTEL
85	Semarang	B-LOC
85	:	O
85	lokasi	B-ASPECT
85	tidak_ramah_anak	O
85	orang_tua	O
85	berbatu	O
85	menanjak	O

86	Saya	O
86	menginap	O
86	di	O
86	Hotel	B-HOTEL
86	Ibis	I-HOTEL
86	di	O
86	Jakarta	B-LOC
86	,	O
86	amenities	O
86	tidak_lengkap	O

87	Ulasan	O
87	tamu	O
87	di	O
87	Hotel	B-HOTEL
87	Grand	I-HOTEL
87	Candi	I-HOTEL
87	Kuta	B-LOC
87	:	O
87	dapat	O
87	fasilitas	O
87	gratis	B-ASPECT
87	upgrade_kamar	O

88	Ulasan	O
88	tamu	O
88	di	O
88	Hotel	B-HOTEL
88	Aston	I-HOTEL
88	Yogyakarta	B-LOC
88	:	O
88	sesuai	O
88	harga	B-ASPECT
88	dapat	O
88	sarapan	O

89	Ulasan	O
89	tamu	O
89	di	O
89	Hotel	B-HOTEL
89	Tentrem	I-HOTEL
89	Malang	B-LOC
89	:	O
89	suasana	O
89	sepi	B-ASPECT
89	terkesan	O
89	horor	O

90	Ulasan	O
90	tamu	O
90	di	O
90	Hotel	B-HOTEL
90	Ibis	I-HOTEL
90	Surabaya	B-LOC
90	:	O
90	petunjuk	O
90	jalan	O
90	tempat	O
90	masuk	O
90	tidak_terlihat	O

91	dekat	B-ASPECT
91	tempat	O
91	bersejarah	O
91	dekat	B-ASPECT
91	stasiun	O
91	,	O
91	ini	O
91	pendapat	O
91	saya	O
91	soal	O
91	Hotel	B-HOTEL
91	Ibis	I-HOTEL
91	di	O
91	Yogyakarta	B-LOC

92	Pengalaman	O
92	di	O
92	Hotel	B-HOTEL
92	Ibis	I-HOTEL
92	Ubud	B-LOC
92	,	O
92	strategis	B-ASPECT
92	nyaman	O

93	Pengalaman	O
93	di	O
93	Hotel	B-HOTEL
93	Ciputra	I-HOTEL
93	Surabaya	B-LOC
93	,	O
93	harga	B-ASPECT
93	cocok	O
93	anggaran_rendah	O
93	backpacker	O

94	suasana	O
94	sejuk	O
94	terseret	O
94	ruang	O
94	waktu	O
94	kembali	O
94	jaman	O
94	kerajaan	O
94	jawa	O
94	tempo	O
94	,	O
94	ini	O
94	pendapat	O
94	saya	O
94	soal	O
94	Hotel	B-HOTEL
94	Tentrem	I-HOTEL
94	di	O
94	Solo	B-LOC

95	tempat	O
95	bermain	O
95	anak	O
95	kurang	O
95	,	O
95	ini	O
95	pendapat	O
95	saya	O
95	soal	O
95	Hotel	B-HOTEL
95	Aston	I-HOTEL
95	di	O
95	Solo	B-LOC

96	Ulasan	O
96	tamu	O
96	di	O
96	Hotel	B-HOTEL
96	Novotel	I-HOTEL
96	Yogyakarta	B-LOC
96	:	O
96	kolam	B-ASPECT
96	besar	O
96	tidak_terkalahkan	O

97	Ulasan	O
97	tamu	O
97	di	O
97	Hotel	B-HOTEL
97	Patra	I-HOTEL
97	Jasa	I-HOTEL
97	Ubud	B-LOC
97	:	O
97	debu	O
97	lampu	O
97	tidur	O

98	Saya	O
98	menginap	O
98	di	O
98	Hotel	B-HOTEL
98	Santika	I-HOTEL
98	di	O
98	Kuta	B-LOC
98	,	O
98	hotel	O
98	mahal	B-ASPECT
98	zonk	O

99	Saya	O
99	menginap	O
99	di	O
99	Hotel	B-HOTEL
99	Horison	I-HOTEL
99	di	O
99	Solo	B-LOC
99	,	O
99	tampak	O
99	luar	O
99	hotel	O
99	sederhana	O

100	Saya	O
100	menginap	O
100	di	O
100	Hotel	B-HOTEL
100	Novotel	I-HOTEL
100	di	O
100	Yogyakarta	B-LOC
100	,	O
100	sarapan	B-ASPECT
100	variatif	O

101	Saya	O
101	menginap	O
101	di	O
101	Hotel	B-HOTEL
101	Novotel	I-HOTEL
101	di	O
101	Solo	B-LOC
101	,	O
101	pilihan	O
101	makanan	B-ASPECT
101	sarapan	I-ASPECT
101	banyak	O

102	Pengalaman	O
102	di	O
102	Hotel	B-HOTEL
102	Patra	I-HOTEL
102	Jasa	I-HOTEL
102	Kuta	B-LOC
102	,	O
102	lobi	B-ASPECT
102	tersedia	O
102	bahan	O
102	bacaan	O
102	koran	O
102	majalah	O

103	Ulasan	O
103	tamu	O
103	di	O
103	Hotel	B-HOTEL
103	Ibis	I-HOTEL
103	Kuta	B-LOC
103	:	O
103	fasilitas	B-ASPECT
103	minim	O
103	pintu	O
103	ditempel	O
103	stiker	O
103	jaminan	O
103	bank	O

104	Ulasan	O
104	tamu	O
104	di	O
104	Hotel	B-HOTEL
104	Horison	I-HOTEL
104	Solo	B-LOC
104	:	O
104	lokasi	B-ASPECT
104	terjal	O

105	Ulasan	O
105	tamu	O
105	di	O
105	Hotel	B-HOTEL
105	Aston	I-HOTEL
105	Solo	B-LOC
105	:	O
105	tempat_parkir	O
105	mobil	O
105	sempit	O

106	Saya	O
106	menginap	O
106	di	O
106	Hotel	B-HOTEL
106	Santika	I-HOTEL
106	di	O
106	Kuta	B-LOC
106	,	O
106	ada	O
106	swalayan	O
106	besar	O
106	berjarak	O
106	lima	O
106	menit	O
106	jalan_kaki	O

107	Saya	O
107	menginap	O
107	di	O
107	Hotel	B-HOTEL
107	Ciputra	I-HOTEL
107	di	O
107	Solo	B-LOC
107	,	O
107	harga	B-ASPECT
107	ramah_kantong	O
107	didapat	O
107	sesuai	O

108	Pengalaman	O
108	di	O
108	Hotel	B-HOTEL
108	Novotel	I-HOTEL
108	Surabaya	B-LOC
108	,	O
108	upgrade_kamar	O
108	mahal	B-ASPECT

109	Pengalaman	O
109	di	O
109	Hotel	B-HOTEL
109	Horison	I-HOTEL
109	Jakarta	B-LOC
109	,	O
109	sarapan	B-ASPECT
109	tidak_banget	O
109	hanya	O
109	nasi	O
109	putih	O
109	tahu	O
109	sayur	O
109	urap	O
109	peyek	O

110	amenities	O
110	lengkap	O
110	ada	O
110	handbody	O
110	sisir	O
110	alat_cukur	O
110	,	O
110	ini	O
110	pendapat	O
110	saya	O
110	soal	O
110	Hotel	B-HOTEL
110	Grand	I-HOTEL
110	Candi	I-HOTEL
110	di	O
110	Yogyakarta	B-LOC

111	Ulasan	O
111	tamu	O
111	di	O
111	Hotel	B-HOTEL
111	Ciputra	I-HOTEL
111	Semarang	B-LOC
111	:	O
111	parkir	O
111	harus	O
111	diperluas	O

112	Pengalaman	O
112	di	O
112	Hotel	B-HOTEL
112	Novotel	I-HOTEL
112	Bandung	B-LOC
112	,	O
112	air	O
112	kamar_mandi	O
112	kuning	O

113	tempat	O
113	strategis	B-ASPECT
113	dalam	O
113	kota	O
113	jogja	O
113	,	O
113	ini	O
113	pendapat	O
113	saya	O
113	soal	O
113	Hotel	B-HOTEL
113	Aston	I-HOTEL
113	di	O
113	Jakarta	B-LOC

114	Ulasan	O
114	tamu	O
114	di	O
114	Hotel	B-HOTEL
114	Horison	I-HOTEL
114	Semarang	B-LOC
114	:	O
114	massage	O
114	murah	B-ASPECT

115	Ulasan	O
115	tamu	O
115	di	O
115	Hotel	B-HOTEL
115	Santika	I-HOTEL
115	Bandung	B-LOC
115	:	O
115	pembersihan	O
115	kamar	O
115	harian	O
115	tidak_ada	O

116	Saya	O
116	menginap	O
116	di	O
116	Hotel	B-HOTEL
116	Novotel	I-HOTEL
116	di	O
116	Ubud	B-LOC
116	,	O
116	sarapan	B-ASPECT
116	tidak_ada	O

117	Ulasan	O
117	tamu	O
117	di	O
117	Hotel	B-HOTEL
117	Gumaya	I-HOTEL
117	Bandung	B-LOC
117	:	O
117	sarapan	B-ASPECT
117	monoton	O

118	Ulasan	O
118	tamu	O
118	di	O
118	Hotel	B-HOTEL
118	Ciputra	I-HOTEL
118	Bali	B-LOC
118	:	O
118	akses	B-ASPECT
118	menuju	O
118	hotel	O
118	jauh	B-ASPECT
118	harus	O
118	memutar	O

119	Saya	O
119	menginap	O
119	di	O
119	Hotel	B-HOTEL
119	Novotel	I-HOTEL
119	di	O
119	Surabaya	B-LOC
119	,	O
119	sayang	O
119	persediaan	O
119	sarapan	B-ASPECT
119	cepat	O
119	habis	O
119	ramai	O

120	taman	B-ASPECT
120	luas	O
120	,	O
120	ini	O
120	pendapat	O
120	saya	O
120	soal	O
120	Hotel	B-HOTEL
120	Santika	I-HOTEL
120	di	O
120	Bali	B-LOC

121	Saya	O
121	menginap	O
121	di	O
121	Hotel	B-HOTEL
121	Ibis	I-HOTEL
121	di	O
121	Bandung	B-LOC
121	,	O
121	senang	O
121	hotel	O
121	nuansa	O
121	alam	O
121	rekomendasi	O

122	parkir	O
122	luas	O
122	aman	O
122	dua_empat_jam	O
122	,	O
122	ini	O
122	pendapat	O
122	saya	O
122	soal	O
122	Hotel	B-HOTEL
122	Aston	I-HOTEL
122	di	O
122	Bandung	B-LOC

123	Pengalaman	O
123	di	O
123	Hotel	B-HOTEL
123	Grand	I-HOTEL
123	Candi	I-HOTEL
123	Bandung	B-LOC
123	,	O
123	mahal	B-ASPECT
123	dibandingkan	O
123	fasilitas	O
123	minim	O
123	didapatkan	O

124	Pengalaman	O
124	di	O
124	Hotel	B-HOTEL
124	Gumaya	I-HOTEL
124	Surabaya	B-LOC
124	,	O
124	agak	O
124	jauh	B-ASPECT
124	jalan	O
124	ketika	O
124	belanja	O

125	sopan	B-ASPECT
125	tamu	O
125	,	O
125	ini	O
125	pendapat	O
125	saya	O
125	soal	O
125	Hotel	B-HOTEL
125	Aston	I-HOTEL
125	di	O
125	Yogyakarta	B-LOC

126	Saya	O
126	menginap	O
126	di	O
126	Hotel	B-HOTEL
126	Grand	I-HOTEL
126	Candi	I-HOTEL
126	di	O
126	Jakarta	B-LOC
126	,	O
126	front_office	O
126	tidak_dua_empat_jam	O

127	Pengalaman	O
127	di	O
127	Hotel	B-HOTEL
127	Tentrem	I-HOTEL
127	Jakarta	B-LOC
127	,	O
127	bell_boy	O
127	tidak_ada	O

128	Saya	O
128	menginap	O
128	di	O
128	Hotel	B-HOTEL
128	Ciputra	I-HOTEL
128	di	O
128	Surabaya	B-LOC
128	,	O
128	tekanan	O
128	shower	O
128	lambat	O

129	kamar	B-ASPECT
129	kedap_suara	O
129	,	O
129	ini	O
129	pendapat	O
129	saya	O
129	soal	O
129	Hotel	B-HOTEL
129	Grand	I-HOTEL
129	Candi	I-HOTEL
129	di	O
129	Surabaya	B-LOC

130	Ulasan	O
130	tamu	O
130	di	O
130	Hotel	B-HOTEL
130	Novotel	I-HOTEL
130	Solo	B-LOC
130	:	O
130	harga	B-ASPECT
130	terjangkau	O
130	termasuk	O
130	sarapan	O

131	perlengkapan_mandi	O
131	ada	O
131	lengkap	O
131	,	O
131	ini	O
131	pendapat	O
131	saya	O
131	soal	O
131	Hotel	B-HOTEL
131	Ciputra	I-HOTEL
131	di	O
131	Bali	B-LOC

132	Ulasan	O
132	tamu	O
132	di	O
132	Hotel	B-HOTEL
132	Horison	I-HOTEL
132	Bali	B-LOC
132	:	O
132	suara	O
132	kamar	B-ASPECT
132	tidak_kedap_suara	O
132	sebelah	O
132	terdengar	O

133	Saya	O
133	menginap	O
133	di	O
133	Hotel	B-HOTEL
133	Santika	I-HOTEL
133	di	O
133	Solo	B-LOC
133	,	O
133	resepsionis	O
133	ramah	B-ASPECT
133	dibantu	O
133	cari	O
133	transport	O

134	Ulasan	O
134	tamu	O
134	di	O
134	Hotel	B-HOTEL
134	Ibis	I-HOTEL
134	Solo	B-LOC
134	:	O
134	staff	B-ASPECT
134	keamanan	O
134	tukang	O
134	parkir	O
134	tidak_menghormati	O
134	tamu	O

135	gratis	B-ASPECT
135	sarapan	O
135	anak	O
135	,	O
135	ini	O
135	pendapat	O
135	saya	O
135	soal	O
135	Hotel	B-HOTEL
135	Santika	I-HOTEL
135	di	O
135	Ubud	B-LOC

136	staff	B-ASPECT
136	resepsionis	O
136	satpam	B-ASPECT
136	houskeeping	O
136	simpatik	O
136	senang	O
136	,	O
136	ini	O
136	pendapat	O
136	saya	O
136	soal	O
136	Hotel	B-HOTEL
136	Novotel	I-HOTEL
136	di	O
136	Bali	B-LOC

137	Ulasan	O
137	tamu	O
137	di	O
137	Hotel	B-HOTEL
137	Ibis	I-HOTEL
137	Kuta	B-LOC
137	:	O
137	baik	O
137	harga	B-ASPECT
137	segini	O

138	Saya	O
138	menginap	O
138	di	O
138	Hotel	B-HOTEL
138	Gumaya	I-HOTEL
138	di	O
138	Ubud	B-LOC
138	,	O
138	front_office	O
138	tidak_mau	O
138	terima	O
138	saran	O
138	terutama	O
138	orang	O
138	gendut	O

139	terletak	O
139	pinggir	O
139	sungai	O
139	jauh	B-ASPECT
139	kemana_mana	I-ASPECT
139	,	O
139	ini	O
139	pendapat	O
139	saya	O
139	soal	O
139	Hotel	B-HOTEL
139	Ciputra	I-HOTEL
139	di	O
139	Semarang	B-LOC

140	Saya	O
140	menginap	O
140	di	O
140	Hotel	B-HOTEL
140	Grand	I-HOTEL
140	Candi	I-HOTEL
140	di	O
140	Kuta	B-LOC
140	,	O
140	kamar	B-ASPECT
140	oke	O
140	wangi	O

141	Ulasan	O
141	tamu	O
141	di	O
141	Hotel	B-HOTEL
141	Novotel	I-HOTEL
141	Malang	B-LOC
141	:	O
141	tidak_ramah	O
141	datang	O
141	checkin	O

142	Pengalaman	O
142	di	O
142	Hotel	B-HOTEL
142	Novotel	I-HOTEL
142	Ubud	B-LOC
142	,	O
142	penampilan	O
142	staff	B-ASPECT
142	cantik	O

143	Pengalaman	O
143	di	O
143	Hotel	B-HOTEL
143	Santika	I-HOTEL
143	Solo	B-LOC
143	,	O
143	dekat	B-ASPECT
143	malioboro	O
143	kraton	O

144	mendapat	O
144	harga	B-ASPECT
144	murah	I-ASPECT
144	,	O
144	ini	O
144	pendapat	O
144	saya	O
144	soal	O
144	Hotel	B-HOTEL
144	Gumaya	I-HOTEL
144	di	O
144	Bali	B-LOC

145	Saya	O
145	menginap	O
145	di	O
145	Hotel	B-HOTEL
145	Ciputra	I-HOTEL
145	di	O
145	Kuta	B-LOC
145	,	O
145	anak	O
145	harus	O
145	bayar	B-ASPECT
145	tambahan_biaya	O
145	makanan	O

146	booking	O
146	via	O
146	promo	O
146	murah	B-ASPECT
146	,	O
146	ini	O
146	pendapat	O
146	saya	O
146	soal	O
146	Hotel	B-HOTEL
146	Tentrem	I-HOTEL
146	di	O
146	Malang	B-LOC

147	Pengalaman	O
147	di	O
147	Hotel	B-HOTEL
147	Aston	I-HOTEL
147	Ubud	B-LOC
147	,	O
147	porsi	O
147	makanan	B-ASPECT
147	kecil	O

148	Ulasan	O
148	tamu	O
148	di	O
148	Hotel	B-HOTEL
148	Gumaya	I-HOTEL
148	Kuta	B-LOC
148	:	O
148	prokes	O
148	tidak_diterapkan	O

149	Saya	O
149	menginap	O
149	di	O
149	Hotel	B-HOTEL
149	Ciputra	I-HOTEL
149	di	O
149	Solo	B-LOC
149	,	O
149	suasana	O
149	sekitar	O
149	nyaman	O

150	Pengalaman	O
150	di	O
150	Hotel	B-HOTEL
150	Gumaya	I-HOTEL
150	Ubud	B-LOC
150	,	O
150	perbaiki	O
150	gym	O
150	center	O
150	kolam_renang	O

151	prokes	O
151	masa	O
151	pandemi	O
151	dilakukan	O
151	disiplin	O
151	,	O
151	ini	O
151	pendapat	O
151	saya	O
151	soal	O
151	Hotel	B-HOTEL
151	Patra	I-HOTEL
151	Jasa	I-HOTEL
151	di	O
151	Jakarta	B-LOC

152	harga	B-ASPECT
152	hotel	O
152	lebih_murah	O
152	dibanding	O
152	hotel	O
152	lain	O
152	,	O
152	ini	O
152	pendapat	O
152	saya	O
152	soal	O
152	Hotel	B-HOTEL
152	Tentrem	I-HOTEL
152	di	O
152	Kuta	B-LOC

153	Pengalaman	O
153	di	O
153	Hotel	B-HOTEL
153	Aston	I-HOTEL
153	Yogyakarta	B-LOC
153	,	O
153	menu	B-ASPECT
153	sarapan	I-ASPECT
153	pelit	O

154	Pengalaman	O
154	di	O
154	Hotel	B-HOTEL
154	Horison	I-HOTEL
154	Ubud	B-LOC
154	,	O
154	rasa	O
154	asin	O
154	ikan	O
154	goreng	O
154	tepung	O
154	sayurnya	O

155	Pengalaman	O
155	di	O
155	Hotel	B-HOTEL
155	Santika	I-HOTEL
155	Surabaya	B-LOC
155	,	O
155	air_mineral	O
155	botol	O
155	bayar	B-ASPECT

156	Saya	O
156	menginap	O
156	di	O
156	Hotel	B-HOTEL
156	Tentrem	I-HOTEL
156	di	O
156	Surabaya	B-LOC
156	,	O
156	pesan	O
156	makanan	O
156	hotel	O
156	ada	O
156	tambahan_biaya	O
156	tiga_puluh_ribu	O

157	Saya	O
157	menginap	O
157	di	O
157	Hotel	B-HOTEL
157	Grand	I-HOTEL
157	Candi	I-HOTEL
157	di	O
157	Semarang	B-LOC
157	,	O
157	ada	O
157	gratis	B-ASPECT
157	makan_malam	O

158	Ulasan	O
158	tamu	O
158	di	O
158	Hotel	B-HOTEL
158	Patra	I-HOTEL
158	Jasa	I-HOTEL
158	Ubud	B-LOC
158	:	O
158	perhatikan	O
158	kebersihan	O
158	makanan	B-ASPECT

159	Saya	O
159	menginap	O
159	di	O
159	Hotel	B-HOTEL
159	Patra	I-HOTEL
159	Jasa	I-HOTEL
159	di	O
159	Malang	B-LOC
159	,	O
159	lokasi	B-ASPECT
159	baik	O
159	suka	O
159	foto	O

160	sate	O
160	enak	O
160	,	O
160	ini	O
160	pendapat	O
160	saya	O
160	soal	O
160	Hotel	B-HOTEL
160	Gumaya	I-HOTEL
160	di	O
160	Jakarta	B-LOC

161	Ulasan	O
161	tamu	O
161	di	O
161	Hotel	B-HOTEL
161	Tentrem	I-HOTEL
161	Bandung	B-LOC
161	:	O
161	sarapan	O
161	tidak_disiapkan	O
161	alasan	O
161	tidak_ada	O
161	pesanan	O

162	Saya	O
162	menginap	O
162	di	O
162	Hotel	B-HOTEL
162	Santika	I-HOTEL
162	di	O
162	Malang	B-LOC
162	,	O
162	suara	O
162	musik	O
162	rooftop	O
162	bar	O
162	tengah	O
162	malam	O
162	terdengar	O

163	hotel	O
163	ngumpet	O
163	masuk	O
163	gang	O
163	,	O
163	ini	O
163	pendapat	O
163	saya	O
163	soal	O
163	Hotel	B-HOTEL
163	Aston	I-HOTEL
163	di	O
163	Kuta	B-LOC

164	Saya	O
164	menginap	O
164	di	O
164	Hotel	B-HOTEL
164	Grand	I-HOTEL
164	Candi	I-HOTEL
164	di	O
164	Kuta	B-LOC
164	,	O
164	kamar	B-ASPECT
164	kotor	O
164	lubang	O
164	besar	O
164	tirai	O
164	handuk	O
164	kotor	O
164	selimut	O
164	banyak	O
164	noda	O

165	Saya	O
165	menginap	O
165	di	O
165	Hotel	B-HOTEL
165	Santika	I-HOTEL
165	di	O
165	Jakarta	B-LOC
165	,	O
165	tempat	O
165	nyaman	O
165	backpacker	O

166	Pengalaman	O
166	di	O
166	Hotel	B-HOTEL
166	Patra	I-HOTEL
166	Jasa	I-HOTEL
166	Kuta	B-LOC
166	,	O
166	staff	B-ASPECT
166	lambat	O
166	memberikan	O
166	keluhan	O

167	arsitektur	O
167	menarik	O
167	,	O
167	ini	O
167	pendapat	O
167	saya	O
167	soal	O
167	Hotel	B-HOTEL
167	Patra	I-HOTEL
167	Jasa	I-HOTEL
167	di	O
167	Ubud	B-LOC

168	Saya	O
168	menginap	O
168	di	O
168	Hotel	B-HOTEL
168	Horison	I-HOTEL
168	di	O
168	Jakarta	B-LOC
168	,	O
168	tempat_tidur	O
168	nyaman	O
168	mandi	O
168	air_hangat	O

169	Pengalaman	O
169	di	O
169	Hotel	B-HOTEL
169	Patra	I-HOTEL
169	Jasa	I-HOTEL
169	Jakarta	B-LOC
169	,	O
169	makanan	B-ASPECT
169	resto	O
169	oke	O
169	enak	O

170	mudah	O
170	diakses	O
170	dikelilingi	O
170	coffee_shop	O
170	,	O
170	ini	O
170	pendapat	O
170	saya	O
170	soal	O
170	Hotel	B-HOTEL
170	Tentrem	I-HOTEL
170	di	O
170	Solo	B-LOC

171	cicip	O
171	menu	B-ASPECT
171	pizza	O
171	baru	O
171	barista	O
171	enak	O
171	,	O
171	ini	O
171	pendapat	O
171	saya	O
171	soal	O
171	Hotel	B-HOTEL
171	Tentrem	I-HOTEL
171	di	O
171	Solo	B-LOC

172	Saya	O
172	menginap	O
172	di	O
172	Hotel	B-HOTEL
172	Santika	I-HOTEL
172	di	O
172	Solo	B-LOC
172	,	O
172	ada	O
172	dapur	O
172	meja	O
172	makan	O
172	ruang_tamu	O

173	Pengalaman	O
173	di	O
173	Hotel	B-HOTEL
173	Ciputra	I-HOTEL
173	Bali	B-LOC
173	,	O
173	komunikasi	O
173	bagian	O
173	call_center	O
173	sulit	O

174	Saya	O
174	menginap	O
174	di	O
174	Hotel	B-HOTEL
174	Horison	I-HOTEL
174	di	O
174	Yogyakarta	B-LOC
174	,	O
174	ada	O
174	stand	O
174	butik	O
174	wanita	O

175	lantai	O
175	kena	O
175	tinta	O
175	harus	O
175	bayar	B-ASPECT
175	denda	O
175	,	O
175	ini	O
175	pendapat	O
175	saya	O
175	soal	O
175	Hotel	B-HOTEL
175	Aston	I-HOTEL
175	di	O
175	Surabaya	B-LOC

176	Ulasan	O
176	tamu	O
176	di	O
176	Hotel	B-HOTEL
176	Aston	I-HOTEL
176	Surabaya	B-LOC
176	:	O
176	furniture	O
176	kamar	B-ASPECT
176	tua	O
176	beberapa	O
176	berlubang	O

177	Pengalaman	O
177	di	O
177	Hotel	B-HOTEL
177	Gumaya	I-HOTEL
177	Malang	B-LOC
177	,	O
177	tombol	O
177	lift	B-ASPECT
177	tidak_berfungsi	O

178	sarapan	B-ASPECT
178	hanya	O
178	nasgor	B-ASPECT
178	teh	O
178	,	O
178	ini	O
178	pendapat	O
178	saya	O
178	soal	O
178	Hotel	B-HOTEL
178	Horison	I-HOTEL
178	di	O
178	Jakarta	B-LOC

179	sarapan	B-ASPECT
179	minimalis	O
179	,	O
179	ini	O
179	pendapat	O
179	saya	O
179	soal	O
179	Hotel	B-HOTEL
179	Grand	I-HOTEL
179	Candi	I-HOTEL
179	di	O
179	Surabaya	B-LOC

180	Ulasan	O
180	tamu	O
180	di	O
180	Hotel	B-HOTEL
180	Gumaya	I-HOTEL
180	Ubud	B-LOC
180	:	O
180	sarapan	B-ASPECT
180	tidak_berwarna	O
180	tidak_variasi	O
180	tidak_seperti	O
180	hotel	O
180	bintang_tiga	O
180	bintang_empat	O
180	pada	O
180	umumnya	O

181	suka	O
181	interior	O
181	kamar	B-ASPECT
181	,	O
181	ini	O
181	pendapat	O
181	saya	O
181	soal	O
181	Hotel	B-HOTEL
181	Ibis	I-HOTEL
181	di	O
181	Malang	B-LOC

182	Pengalaman	O
182	di	O
182	Hotel	B-HOTEL
182	Grand	I-HOTEL
182	Candi	I-HOTEL
182	Bali	B-LOC
182	,	O
182	es	O
182	jus	O
182	hambar	O
182	tidak_segar	O

183	Saya	O
183	menginap	O
183	di	O
183	Hotel	B-HOTEL
183	Gumaya	I-HOTEL
183	di	O
183	Malang	B-LOC
183	,	O
183	tidak_ada	O
183	sarapan	B-ASPECT

184	Pengalaman	O
184	di	O
184	Hotel	B-HOTEL
184	Patra	I-HOTEL
184	Jasa	I-HOTEL
184	Surabaya	B-LOC
184	,	O
184	ruang_rapat	O
184	nyaman	O

185	Ulasan	O
185	tamu	O
185	di	O
185	Hotel	B-HOTEL
185	Gumaya	I-HOTEL
185	Jakarta	B-LOC
185	:	O
185	handuk	O
185	bersih	O

186	wifi	B-ASPECT
186	hanya	O
186	bisa	O
186	diakses	O
186	lobi	B-ASPECT
186	,	O
186	ini	O
186	pendapat	O
186	saya	O
186	soal	O
186	Hotel	B-HOTEL
186	Gumaya	I-HOTEL
186	di	O
186	Bali	B-LOC

187	Saya	O
187	menginap	O
187	di	O
187	Hotel	B-HOTEL
187	Aston	I-HOTEL
187	di	O
187	Jakarta	B-LOC
187	,	O
187	sarapan	B-ASPECT
187	bersih	O
187	enak	O

188	Ulasan	O
188	tamu	O
188	di	O
188	Hotel	B-HOTEL
188	Ibis	I-HOTEL
188	Kuta	B-LOC
188	:	O
188	colokan	O
188	hanya	O
188	satu	O
188	bawah	O
188	tv	B-ASPECT

189	Ulasan	O
189	tamu	O
189	di	O
189	Hotel	B-HOTEL
189	Gumaya	I-HOTEL
189	Ubud	B-LOC
189	:	O
189	overprice	O
189	mahal	B-ASPECT

190	Saya	O
190	menginap	O
190	di	O
190	Hotel	B-HOTEL
190	Santika	I-HOTEL
190	di	O
190	Malang	B-LOC
190	,	O
190	nasi	O
190	keras	O
190	dikunyah	O

191	Ulasan	O
191	tamu	O
191	di	O
191	Hotel	B-HOTEL
191	Patra	I-HOTEL
191	Jasa	I-HOTEL
191	Bandung	B-LOC
191	:	O
191	akses	B-ASPECT
191	jalan	O
191	proses	O
191	pengerjaan	O

192	Pengalaman	O
192	di	O
192	Hotel	B-HOTEL
192	Ciputra	I-HOTEL
192	Malang	B-LOC
192	,	O
192	suasana	O
192	berisik	O
192	banyak	O
192	kereta	O
192	lewat	O

193	Pengalaman	O
193	di	O
193	Hotel	B-HOTEL
193	Tentrem	I-HOTEL
193	Jakarta	B-LOC
193	,	O
193	kamar	B-ASPECT
193	debu	O

194	Pengalaman	O
194	di	O
194	Hotel	B-HOTEL
194	Novotel	I-HOTEL
194	Malang	B-LOC
194	,	O
194	tempat_sampah	O
194	ada	O
194	satu	O
194	kamar_mandi	O

195	Ulasan	O
195	tamu	O
195	di	O
195	Hotel	B-HOTEL
195	Gumaya	I-HOTEL
195	Solo	B-LOC
195	:	O
195	kamar	B-ASPECT
195	hotel	O
195	bersih	O
195	kasur	B-ASPECT
195	luas	O
195	lapang	O
195	fasilitas	O
195	lengkap	O

196	Ulasan	O
196	tamu	O
196	di	O
196	Hotel	B-HOTEL
196	Patra	I-HOTEL
196	Jasa	I-HOTEL
196	Semarang	B-LOC
196	:	O
196	hotel	O
196	harga	B-ASPECT
196	cukup	O
196	terjangkau	O

197	Ulasan	O
197	tamu	O
197	di	O
197	Hotel	B-HOTEL
197	Novotel	I-HOTEL
197	Surabaya	B-LOC
197	:	O
197	menu	B-ASPECT
197	tradisional	O
197	jawa	O
197	sunda	O

198	Saya	O
198	menginap	O
198	di	O
198	Hotel	B-HOTEL
198	Grand	I-HOTEL
198	Candi	I-HOTEL
198	di	O
198	Semarang	B-LOC
198	,	O
198	kamar	B-ASPECT
198	bangsal	O
198	bau	O
198	fasilititas	O
198	usang	O
198	rusak	O

199	Saya	O
199	menginap	O
199	di	O
199	Hotel	B-HOTEL
199	Tentrem	I-HOTEL
199	di	O
199	Semarang	B-LOC
199	,	O
199	sarung	O
199	bantal	O
199	bau	O

200	cocok	O
200	pelancong	O
200	membutuhkan	O
200	akomodasi	O
200	harga	B-ASPECT
200	rendah	O
200	,	O
200	ini	O
200	pendapat	O
200	saya	O
200	soal	O
200	Hotel	B-HOTEL
200	Tentrem	I-HOTEL
200	di	O
200	Bandung	B-LOC

201	Saya	O
201	menginap	O
201	di	O
201	Hotel	B-HOTEL
201	Santika	I-HOTEL
201	di	O
201	Ubud	B-LOC
201	,	O
201	handuk	O
201	ada	O
201	tambahan_biaya	O

202	Pengalaman	O
202	di	O
202	Hotel	B-HOTEL
202	Patra	I-HOTEL
202	Jasa	I-HOTEL
202	Solo	B-LOC
202	,	O
202	tempat_parkir	O
202	kecil	O

203	Ulasan	O
203	tamu	O
203	di	O
203	Hotel	B-HOTEL
203	Aston	I-HOTEL
203	Ubud	B-LOC
203	:	O
203	sprei	B-ASPECT
203	selimut	O
203	tidak_diganti	O

204	Ulasan	O
204	tamu	O
204	di	O
204	Hotel	B-HOTEL
204	Aston	I-HOTEL
204	Solo	B-LOC
204	:	O
204	kamar	O
204	kena	O
204	tarif	O
204	deluxe	O
204	ternyata	O
204	diberi	O
204	superior	O

205	Pengalaman	O
205	di	O
205	Hotel	B-HOTEL
205	Ibis	I-HOTEL
205	Semarang	B-LOC
205	,	O
205	kolam_renang	O
205	bar	O
205	daya	O
205	tarik	O
205	pelancong	O

206	lokasi	B-ASPECT
206	sulit	O
206	ditemukan	O
206	pendatang	O
206	menggunakan	O
206	transportasi	O
206	umum	O
206	,	O
206	ini	O
206	pendapat	O
206	saya	O
206	soal	O
206	Hotel	B-HOTEL
206	Ibis	I-HOTEL
206	di	O
206	Malang	B-LOC

207	Saya	O
207	menginap	O
207	di	O
207	Hotel	B-HOTEL
207	Tentrem	I-HOTEL
207	di	O
207	Yogyakarta	B-LOC
207	,	O
207	pelayanan	B-ASPECT
207	tidak_memuaskan	O

208	Ulasan	O
208	tamu	O
208	di	O
208	Hotel	B-HOTEL
208	Santika	I-HOTEL
208	Solo	B-LOC
208	:	O
208	akses	B-ASPECT
208	kota	O
208	jauh	B-ASPECT

209	Pengalaman	O
209	di	O
209	Hotel	B-HOTEL
209	Ibis	I-HOTEL
209	Semarang	B-LOC
209	,	O
209	pemesanan	O
209	konfirmasi	O
209	hotel	O
209	baik	O
209	minta	O
209	extend	O
209	kamar	O
209	cepat	O
209	efisien	O

210	Pengalaman	O
210	di	O
210	Hotel	B-HOTEL
210	Horison	I-HOTEL
210	Malang	B-LOC
210	,	O
210	tidak_sopan	O
210	tidak_ramah	O
210	pelayanan	B-ASPECT
210	resepsionis	O

211	Pengalaman	O
211	di	O
211	Hotel	B-HOTEL
211	Santika	I-HOTEL
211	Kuta	B-LOC
211	,	O
211	minum	O
211	sudah	O
211	habis	O

212	sarapan	B-ASPECT
212	ambil	O
212	sepuasnya	O
212	,	O
212	ini	O
212	pendapat	O
212	saya	O
212	soal	O
212	Hotel	B-HOTEL
212	Grand	I-HOTEL
212	Candi	I-HOTEL
212	di	O
212	Malang	B-LOC

213	Pengalaman	O
213	di	O
213	Hotel	B-HOTEL
213	Santika	I-HOTEL
213	Malang	B-LOC
213	,	O
213	pelayanan	B-ASPECT
213	bisa	O
213	bahasa	O
213	inggris	O

214	lokasi	B-ASPECT
214	sunyi	O
214	,	O
214	ini	O
214	pendapat	O
214	saya	O
214	soal	O
214	Hotel	B-HOTEL
214	Patra	I-HOTEL
214	Jasa	I-HOTEL
214	di	O
214	Bandung	B-LOC

215	Pengalaman	O
215	di	O
215	Hotel	B-HOTEL
215	Aston	I-HOTEL
215	Kuta	B-LOC
215	,	O
215	tidak_rekomendasi	O
215	pelancong	O

216	kamar_mandi	O
216	ada	O
216	bercak	O
216	lengket	O
216	,	O
216	ini	O
216	pendapat	O
216	saya	O
216	soal	O
216	Hotel	B-HOTEL
216	Ibis	I-HOTEL
216	di	O
216	Kuta	B-LOC

217	Pengalaman	O
217	di	O
217	Hotel	B-HOTEL
217	Patra	I-HOTEL
217	Jasa	I-HOTEL
217	Malang	B-LOC
217	,	O
217	hotel	O
217	tidak_seperti	O
217	digambar	O
217	dalam	O
217	foto	O

218	Ulasan	O
218	tamu	O
218	di	O
218	Hotel	B-HOTEL
218	Novotel	I-HOTEL
218	Surabaya	B-LOC
218	:	O
218	sprei	B-ASPECT
218	ada	O
218	noda	O
218	minyak	O

219	Saya	O
219	menginap	O
219	di	O
219	Hotel	B-HOTEL
219	Ciputra	I-HOTEL
219	di	O
219	Jakarta	B-LOC
219	,	O
219	harga	B-ASPECT
219	tidak_terjangkau	O
219	tidak_termasuk	O
219	sarapan	O

220	begitu	O
220	mandi	O
220	air	O
220	keruh	O
220	,	O
220	ini	O
220	pendapat	O
220	saya	O
220	soal	O
220	Hotel	B-HOTEL
220	Patra	I-HOTEL
220	Jasa	I-HOTEL
220	di	O
220	Ubud	B-LOC

221	harga	B-ASPECT
221	hanya	O
221	seratus_ribu	O
221	,	O
221	ini	O
221	pendapat	O
221	saya	O
221	soal	O
221	Hotel	B-HOTEL
221	Novotel	I-HOTEL
221	di	O
221	Semarang	B-LOC

222	memiliki	O
222	mesin	O
222	kopi	O
222	dolce	O
222	gusto	O
222	,	O
222	ini	O
222	pendapat	O
222	saya	O
222	soal	O
222	Hotel	B-HOTEL
222	Novotel	I-HOTEL
222	di	O
222	Bandung	B-LOC

223	Pengalaman	O
223	di	O
223	Hotel	B-HOTEL
223	Tentrem	I-HOTEL
223	Bali	B-LOC
223	,	O
223	checkin	O
223	lancar	O
223	cepat	O

224	Pengalaman	O
224	di	O
224	Hotel	B-HOTEL
224	Novotel	I-HOTEL
224	Solo	B-LOC
224	,	O
224	akses	B-ASPECT
224	menuju	O
224	lokasi	B-ASPECT
224	ekstrem	O
224	medan	O

225	Saya	O
225	menginap	O
225	di	O
225	Hotel	B-HOTEL
225	Horison	I-HOTEL
225	di	O
225	Semarang	B-LOC
225	,	O
225	hotel	O
225	tidak_sesuai	O
225	harga	B-ASPECT

226	cari	O
226	makanan	O
226	sekitar	O
226	hotel	O
226	sulit	O
226	,	O
226	ini	O
226	pendapat	O
226	saya	O
226	soal	O
226	Hotel	B-HOTEL
226	Santika	I-HOTEL
226	di	O
226	Surabaya	B-LOC

227	Saya	O
227	menginap	O
227	di	O
227	Hotel	B-HOTEL
227	Patra	I-HOTEL
227	Jasa	I-HOTEL
227	di	O
227	Kuta	B-LOC
227	,	O
227	kolam_renang	O
227	resto	O
227	tutup	O
227	covid	O

228	ada	O
228	menu	B-ASPECT
228	angkringan	O
228	ronde	O
228	bakar	O
228	tertarik	O
228	sate	O
228	,	O
228	ini	O
228	pendapat	O
228	saya	O
228	soal	O
228	Hotel	B-HOTEL
228	Patra	I-HOTEL
228	Jasa	I-HOTEL
228	di	O
228	Jakarta	B-LOC

229	Pengalaman	O
229	di	O
229	Hotel	B-HOTEL
229	Grand	I-HOTEL
229	Candi	I-HOTEL
229	Yogyakarta	B-LOC
229	,	O
229	porsi	O
229	lumayan	O
229	banyak	O

230	Saya	O
230	menginap	O
230	di	O
230	Hotel	B-HOTEL
230	Tentrem	I-HOTEL
230	di	O
230	Malang	B-LOC
230	,	O
230	referensi	O
230	resort	O
230	cocok	O
230	liburan	O
230	pas	O
230	kantong	O

231	Pengalaman	O
231	di	O
231	Hotel	B-HOTEL
231	Ciputra	I-HOTEL
231	Ubud	B-LOC
231	,	O
231	staff	B-ASPECT
231	tidak_berseragam	O

232	Pengalaman	O
232	di	O
232	Hotel	B-HOTEL
232	Patra	I-HOTEL
232	Jasa	I-HOTEL
232	Kuta	B-LOC
232	,	O
232	cocok	O
232	jalan_jalan	O
232	hemat	O
232	nginep	O
232	sini	O

233	Pengalaman	O
233	di	O
233	Hotel	B-HOTEL
233	Gumaya	I-HOTEL
233	Kuta	B-LOC
233	,	O
233	air_minum	O
233	bayar	B-ASPECT

234	Pengalaman	O
234	di	O
234	Hotel	B-HOTEL
234	Novotel	I-HOTEL
234	Jakarta	B-LOC
234	,	O
234	harga	B-ASPECT
234	murah	I-ASPECT
234	sesuai	O
234	ditawarkan	O

235	Saya	O
235	menginap	O
235	di	O
235	Hotel	B-HOTEL
235	Ciputra	I-HOTEL
235	di	O
235	Solo	B-LOC
235	,	O
235	makanan	B-ASPECT
235	hanya	O
235	pilih	O
235	nasgor	B-ASPECT
235	roti_bakar	O

236	Pengalaman	O
236	di	O
236	Hotel	B-HOTEL
236	Santika	I-HOTEL
236	Surabaya	B-LOC
236	,	O
236	posisi	O
236	hotel	O
236	berada	O
236	komplek	O
236	perumahan	O
236	dalam	O

237	Saya	O
237	menginap	O
237	di	O
237	Hotel	B-HOTEL
237	Santika	I-HOTEL
237	di	O
237	Kuta	B-LOC
237	,	O
237	harga	B-ASPECT
237	satu	O
237	juta	O
237	ekspektasi	O
237	ada	O
237	kelebihan	O
237	lain	O

238	bagus	O
238	desain	O
238	modern	O
238	,	O
238	ini	O
238	pendapat	O
238	saya	O
238	soal	O
238	Hotel	B-HOTEL
238	Tentrem	I-HOTEL
238	di	O
238	Surabaya	B-LOC

239	Pengalaman	O
239	di	O
239	Hotel	B-HOTEL
239	Ciputra	I-HOTEL
239	Ubud	B-LOC
239	,	O
239	ada	O
239	makanan	B-ASPECT
239	basi	O

240	Pengalaman	O
240	di	O
240	Hotel	B-HOTEL
240	Santika	I-HOTEL
240	Surabaya	B-LOC
240	,	O
240	minim	O
240	tempat_parkir	O

241	Saya	O
241	menginap	O
241	di	O
241	Hotel	B-HOTEL
241	Tentrem	I-HOTEL
241	di	O
241	Bali	B-LOC
241	,	O
241	rekomendasi	O
241	anggaran_rendah	O

242	Saya	O
242	menginap	O
242	di	O
242	Hotel	B-HOTEL
242	Ciputra	I-HOTEL
242	di	O
242	Semarang	B-LOC
242	,	O
242	mesin_cuci	B-ASPECT
242	bisa	O
242	digunakan	O
242	ac	B-ASPECT
242	dingin	O

243	Ulasan	O
243	tamu	O
243	di	O
243	Hotel	B-HOTEL
243	Ciputra	I-HOTEL
243	Semarang	B-LOC
243	:	O
243	air_mineral	O
243	alat_mandi	O
243	harus	O
243	bayar	B-ASPECT
243	tidak_termasuk	O
243	harga	B-ASPECT
243	kamar	O

244	Saya	O
244	menginap	O
244	di	O
244	Hotel	B-HOTEL
244	Horison	I-HOTEL
244	di	O
244	Solo	B-LOC
244	,	O
244	jalan	O
244	masuk	O
244	sempit	O
244	mobil	O

245	Ulasan	O
245	tamu	O
245	di	O
245	Hotel	B-HOTEL
245	Patra	I-HOTEL
245	Jasa	I-HOTEL
245	Yogyakarta	B-LOC
245	:	O
245	menikmati	O
245	fasilitas	B-ASPECT
245	ballroom	O
245	lengkap	O

246	handuk	O
246	putih	O
246	warna	O
246	jadi	O
246	kuning	O
246	,	O
246	ini	O
246	pendapat	O
246	saya	O
246	soal	O
246	Hotel	B-HOTEL
246	Ibis	I-HOTEL
246	di	O
246	Solo	B-LOC

247	Pengalaman	O
247	di	O
247	Hotel	B-HOTEL
247	Patra	I-HOTEL
247	Jasa	I-HOTEL
247	Jakarta	B-LOC
247	,	O
247	harga	B-ASPECT
247	tambah	O
247	kasur	O
247	dua_ratus_ribu	O
247	mahal	B-ASPECT
247	dibanding	O
247	lain	O

248	Pengalaman	O
248	di	O
248	Hotel	B-HOTEL
248	Aston	I-HOTEL
248	Semarang	B-LOC
248	,	O
248	menu	B-ASPECT
248	sarapan	I-ASPECT
248	enak	O
248	variasi	O

249	Ulasan	O
249	tamu	O
249	di	O
249	Hotel	B-HOTEL
249	Patra	I-HOTEL
249	Jasa	I-HOTEL
249	Yogyakarta	B-LOC
249	:	O
249	harga	B-ASPECT
249	ekonomis	O
249	hemat	O
249	kantong	O

250	Ulasan	O
250	tamu	O
250	di	O
250	Hotel	B-HOTEL
250	Gumaya	I-HOTEL
250	Jakarta	B-LOC
250	:	O
250	sayang	O
250	lokasi	B-ASPECT
250	penuh	O
250	kemacetan	O
250	pusat_kota	O

251	Saya	O
251	menginap	O
251	di	O
251	Hotel	B-HOTEL
251	Ibis	I-HOTEL
251	di	O
251	Semarang	B-LOC
251	,	O
251	mobil	O
251	pecah	O
251	dibantu	O
251	sampai	O
251	selesai	O

252	Pengalaman	O
252	di	O
252	Hotel	B-HOTEL
252	Aston	I-HOTEL
252	Ubud	B-LOC
252	,	O
252	parkir	O
252	mobil	O
252	gratis	B-ASPECT

253	Ulasan	O
253	tamu	O
253	di	O
253	Hotel	B-HOTEL
253	Santika	I-HOTEL
253	Surabaya	B-LOC
253	:	O
253	ac	B-ASPECT
253	berisik	O
253	mengganggu	O
253	tidur	O

254	Saya	O
254	menginap	O
254	di	O
254	Hotel	B-HOTEL
254	Horison	I-HOTEL
254	di	O
254	Malang	B-LOC
254	,	O
254	ruangan	O
254	kamar	B-ASPECT
254	bagus	O
254	nuansa	O
254	klasik	O
254	eropa	O

255	lantai	O
255	kamar	B-ASPECT
255	debu	O
255	,	O
255	ini	O
255	pendapat	O
255	saya	O
255	soal	O
255	Hotel	B-HOTEL
255	Horison	I-HOTEL
255	di	O
255	Malang	B-LOC

256	pelayanan	B-ASPECT
256	tidak_menyenangkan	O
256	tamu	O
256	menunggu	O
256	lama	O
256	,	O
256	ini	O
256	pendapat	O
256	saya	O
256	soal	O
256	Hotel	B-HOTEL
256	Patra	I-HOTEL
256	Jasa	I-HOTEL
256	di	O
256	Solo	B-LOC

257	Ulasan	O
257	tamu	O
257	di	O
257	Hotel	B-HOTEL
257	Ciputra	I-HOTEL
257	Ubud	B-LOC
257	:	O
257	tempat	O
257	sejuk	O
257	jauh	B-ASPECT
257	bising	O
257	panas	O
257	kota	O

258	Saya	O
258	menginap	O
258	di	O
258	Hotel	B-HOTEL
258	Ibis	I-HOTEL
258	di	O
258	Yogyakarta	B-LOC
258	,	O
258	tarif	O
258	tidak_ekonomis	O

259	Ulasan	O
259	tamu	O
259	di	O
259	Hotel	B-HOTEL
259	Tentrem	I-HOTEL
259	Solo	B-LOC
259	:	O
259	harga	B-ASPECT
259	murah	I-ASPECT
259	tempat	O
259	mewah	O
259	premium	O

260	Saya	O
260	menginap	O
260	di	O
260	Hotel	B-HOTEL
260	Aston	I-HOTEL
260	di	O
260	Surabaya	B-LOC
260	,	O
260	bantal	O
260	bau	O

261	Saya	O
261	menginap	O
261	di	O
261	Hotel	B-HOTEL
261	Horison	I-HOTEL
261	di	O
261	Yogyakarta	B-LOC
261	,	O
261	dekat	B-ASPECT
261	cari	O
261	makan	O
261	banyak	O
261	area	O
261	hotel	O

262	dapat	O
262	gratis	B-ASPECT
262	fruit_bucket	O
262	,	O
262	ini	O
262	pendapat	O
262	saya	O
262	soal	O
262	Hotel	B-HOTEL
262	Grand	I-HOTEL
262	Candi	I-HOTEL
262	di	O
262	Malang	B-LOC

263	Pengalaman	O
263	di	O
263	Hotel	B-HOTEL
263	Ibis	I-HOTEL
263	Jakarta	B-LOC
263	,	O
263	ac	B-ASPECT
263	lama	O
263	dingin	O
263	tiga_puluh	O
263	menit	O

264	Pengalaman	O
264	di	O
264	Hotel	B-HOTEL
264	Grand	I-HOTEL
264	Candi	I-HOTEL
264	Surabaya	B-LOC
264	,	O
264	balkon	O
264	langsung	O
264	bisa	O
264	lihat	O
264	baik	O
264	pemandangan	O

265	Ulasan	O
265	tamu	O
265	di	O
265	Hotel	B-HOTEL
265	Ciputra	I-HOTEL
265	Jakarta	B-LOC
265	:	O
265	harus	O
265	bayar	B-ASPECT
265	parkir	O
265	tidak_gratis	O

266	Saya	O
266	menginap	O
266	di	O
266	Hotel	B-HOTEL
266	Tentrem	I-HOTEL
266	di	O
266	Solo	B-LOC
266	,	O
266	lokasi	B-ASPECT
266	dekat	I-ASPECT
266	resto	O
266	hits	O

267	Saya	O
267	menginap	O
267	di	O
267	Hotel	B-HOTEL
267	Gumaya	I-HOTEL
267	di	O
267	Yogyakarta	B-LOC
267	,	O
267	saluran_tv	O
267	sedikit	O
267	kualitas	O
267	gambar	O
267	buruk	O
267	seperti	O
267	analog	O

268	Saya	O
268	menginap	O
268	di	O
268	Hotel	B-HOTEL
268	Aston	I-HOTEL
268	di	O
268	Solo	B-LOC
268	,	O
268	makanan	B-ASPECT
268	hotel	O
268	acungi	O
268	top	O

269	Saya	O
269	menginap	O
269	di	O
269	Hotel	B-HOTEL
269	Santika	I-HOTEL
269	di	O
269	Semarang	B-LOC
269	,	O
269	setiap	O
269	tamu	O
269	dimention	O
269	nama	O
269	merasa	O
269	dihargai	O
269	pihak	O
269	staff	B-ASPECT
269	hotel	O
269	ramah	B-ASPECT
269	membantu	O

270	Pengalaman	O
270	di	O
270	Hotel	B-HOTEL
270	Ciputra	I-HOTEL
270	Ubud	B-LOC
270	,	O
270	pas	O
270	termasuk	O
270	murah	B-ASPECT
270	termasuk	O
270	sarapan	O

271	staff	B-ASPECT
271	tidak_ramah	O
271	apatis	O
271	,	O
271	ini	O
271	pendapat	O
271	saya	O
271	soal	O
271	Hotel	B-HOTEL
271	Patra	I-HOTEL
271	Jasa	I-HOTEL
271	di	O
271	Yogyakarta	B-LOC

272	Pengalaman	O
272	di	O
272	Hotel	B-HOTEL
272	Ciputra	I-HOTEL
272	Malang	B-LOC
272	,	O
272	lama	O
272	menungu	O
272	refill	O
272	makanan	O

273	hotel	O
273	jauh	B-ASPECT
273	kota	O
273	,	O
273	ini	O
273	pendapat	O
273	saya	O
273	soal	O
273	Hotel	B-HOTEL
273	Horison	I-HOTEL
273	di	O
273	Kuta	B-LOC

274	Ulasan	O
274	tamu	O
274	di	O
274	Hotel	B-HOTEL
274	Patra	I-HOTEL
274	Jasa	I-HOTEL
274	Yogyakarta	B-LOC
274	:	O
274	terletak	O
274	jalan	O
274	jogokaryan	O
274	berada	O
274	meter	O
274	masjid	O
274	jogokaryan	O
274	terkenal	O

275	Pengalaman	O
275	di	O
275	Hotel	B-HOTEL
275	Gumaya	I-HOTEL
275	Bali	B-LOC
275	,	O
275	sarapan	B-ASPECT
275	minimalis	O
275	kelas	O
275	bintang_lima	O

276	Saya	O
276	menginap	O
276	di	O
276	Hotel	B-HOTEL
276	Grand	I-HOTEL
276	Candi	I-HOTEL
276	di	O
276	Yogyakarta	B-LOC
276	,	O
276	satpam	B-ASPECT
276	tidak_sigap	O
276	tidak_bantu	O
276	menyebrang	O
276	jalan	O

277	Ulasan	O
277	tamu	O
277	di	O
277	Hotel	B-HOTEL
277	Ibis	I-HOTEL
277	Ubud	B-LOC
277	:	O
277	harga	B-ASPECT
277	asik	O
277	murah	B-ASPECT

278	Ulasan	O
278	tamu	O
278	di	O
278	Hotel	B-HOTEL
278	Ciputra	I-HOTEL
278	Ubud	B-LOC
278	:	O
278	wifi	B-ASPECT
278	bisa	O
278	lebih	O
278	kencang	O

279	tempat_parkir	O
279	lobi	B-ASPECT
279	cukup	O
279	jauh	O
279	,	O
279	ini	O
279	pendapat	O
279	saya	O
279	soal	O
279	Hotel	B-HOTEL
279	Aston	I-HOTEL
279	di	O
279	Jakarta	B-LOC

280	kamar	B-ASPECT
280	ada	O
280	balkon	O
280	berjemur	O
280	,	O
280	ini	O
280	pendapat	O
280	saya	O
280	soal	O
280	Hotel	B-HOTEL
280	Ciputra	I-HOTEL
280	di	O
280	Bandung	B-LOC

281	saat	O
281	masuk	O
281	sambut	O
281	jamuan	O
281	hangat	O
281	nuansa	O
281	budata	O
281	kental	O
281	,	O
281	ini	O
281	pendapat	O
281	saya	O
281	soal	O
281	Hotel	B-HOTEL
281	Patra	I-HOTEL
281	Jasa	I-HOTEL
281	di	O
281	Yogyakarta	B-LOC

282	Pengalaman	O
282	di	O
282	Hotel	B-HOTEL
282	Novotel	I-HOTEL
282	Malang	B-LOC
282	,	O
282	harga	B-ASPECT
282	tidak_termasuk	O
282	amenities	O
282	alat_mandi	O
282	air_mineral	O

283	Saya	O
283	menginap	O
283	di	O
283	Hotel	B-HOTEL
283	Novotel	I-HOTEL
283	di	O
283	Yogyakarta	B-LOC
283	,	O
283	harga	B-ASPECT
283	tidak_sesuai	O
283	ditawarkan	O

284	dekat	B-ASPECT
284	tugu	O
284	,	O
284	ini	O
284	pendapat	O
284	saya	O
284	soal	O
284	Hotel	B-HOTEL
284	Novotel	I-HOTEL
284	di	O
284	Malang	B-LOC

285	Ulasan	O
285	tamu	O
285	di	O
285	Hotel	B-HOTEL
285	Ciputra	I-HOTEL
285	Malang	B-LOC
285	:	O
285	pelayanan	B-ASPECT
285	peduli	O

286	Pengalaman	O
286	di	O
286	Hotel	B-HOTEL
286	Patra	I-HOTEL
286	Jasa	I-HOTEL
286	Yogyakarta	B-LOC
286	,	O
286	parkir	O
286	motor	O
286	sempit	O
286	tidak_ada	O
286	atap	O

287	Ulasan	O
287	tamu	O
287	di	O
287	Hotel	B-HOTEL
287	Ciputra	I-HOTEL
287	Bali	B-LOC
287	:	O
287	kamar	B-ASPECT
287	seperti	O
287	lama	O
287	tidak_ditempati	O

288	Ulasan	O
288	tamu	O
288	di	O
288	Hotel	B-HOTEL
288	Gumaya	I-HOTEL
288	Kuta	B-LOC
288	:	O
288	hotel	O
288	tengah	O
288	perumahan	O
288	balik	O
288	bukit	O
288	suasana	O
288	adem	O
288	tentram	O

289	koridor	O
289	seperti	O
289	kos	O
289	,	O
289	ini	O
289	pendapat	O
289	saya	O
289	soal	O
289	Hotel	B-HOTEL
289	Horison	I-HOTEL
289	di	O
289	Jakarta	B-LOC

290	Pengalaman	O
290	di	O
290	Hotel	B-HOTEL
290	Grand	I-HOTEL
290	Candi	I-HOTEL
290	Surabaya	B-LOC
290	,	O
290	bisa	O
290	minta	O
290	pemandangan	O
290	gunung	O

291	harga	B-ASPECT
291	cocok	O
291	backpacker	O
291	,	O
291	ini	O
291	pendapat	O
291	saya	O
291	soal	O
291	Hotel	B-HOTEL
291	Ibis	I-HOTEL
291	di	O
291	Jakarta	B-LOC

292	Pengalaman	O
292	di	O
292	Hotel	B-HOTEL
292	Grand	I-HOTEL
292	Candi	I-HOTEL
292	Surabaya	B-LOC
292	,	O
292	access	O
292	card	O
292	kamar	B-ASPECT
292	tidak_berfungsi	O

293	Pengalaman	O
293	di	O
293	Hotel	B-HOTEL
293	Horison	I-HOTEL
293	Bandung	B-LOC
293	,	O
293	kolam_renang	O
293	bersih	O
293	ramah_anak	O

294	Ulasan	O
294	tamu	O
294	di	O
294	Hotel	B-HOTEL
294	Patra	I-HOTEL
294	Jasa	I-HOTEL
294	Jakarta	B-LOC
294	:	O
294	hotel	O
294	rekomendasi	O
294	backpacker	O

295	Saya	O
295	menginap	O
295	di	O
295	Hotel	B-HOTEL
295	Grand	I-HOTEL
295	Candi	I-HOTEL
295	di	O
295	Ubud	B-LOC
295	,	O
295	kolam_renang	O
295	banyak	O
295	daun	O
295	ngambang	O

296	Ulasan	O
296	tamu	O
296	di	O
296	Hotel	B-HOTEL
296	Aston	I-HOTEL
296	Solo	B-LOC
296	:	O
296	uang	O
296	tidak_ada	O
296	kabar	O
296	refund	O

297	Ulasan	O
297	tamu	O
297	di	O
297	Hotel	B-HOTEL
297	Horison	I-HOTEL
297	Malang	B-LOC
297	:	O
297	sarapan	B-ASPECT
297	bebas	O
297	pilih	O
297	menu	B-ASPECT

298	alat_makan	O
298	kotor	O
298	,	O
298	ini	O
298	pendapat	O
298	saya	O
298	soal	O
298	Hotel	B-HOTEL
298	Tentrem	I-HOTEL
298	di	O
298	Yogyakarta	B-LOC

299	handuk	O
299	tidak_gratis	O
299	harus	O
299	sewa	O
299	,	O
299	ini	O
299	pendapat	O
299	saya	O
299	soal	O
299	Hotel	B-HOTEL
299	Santika	I-HOTEL
299	di	O
299	Bandung	B-LOC

300	Pengalaman	O
300	di	O
300	Hotel	B-HOTEL
300	Ciputra	I-HOTEL
300	Kuta	B-LOC
300	,	O
300	lift	B-ASPECT
300	sempit	O
300	kotor	O

301	remote	O
301	ac	B-ASPECT
301	tidak_ada	O
301	,	O
301	ini	O
301	pendapat	O
301	saya	O
301	soal	O
301	Hotel	B-HOTEL
301	Gumaya	I-HOTEL
301	di	O
301	Jakarta	B-LOC

302	Saya	O
302	menginap	O
302	di	O
302	Hotel	B-HOTEL
302	Tentrem	I-HOTEL
302	di	O
302	Jakarta	B-LOC
302	,	O
302	pintu	O
302	hotel	O
302	ada	O
302	handsanitizer	O

303	Saya	O
303	menginap	O
303	di	O
303	Hotel	B-HOTEL
303	Gumaya	I-HOTEL
303	di	O
303	Surabaya	B-LOC
303	,	O
303	pelayanan	B-ASPECT
303	ramah	I-ASPECT
303	menerapkan	O
303	prokes	O
303	ketat	O

304	sound_system	O
304	aula	O
304	bagus	O
304	,	O
304	ini	O
304	pendapat	O
304	saya	O
304	soal	O
304	Hotel	B-HOTEL
304	Santika	I-HOTEL
304	di	O
304	Solo	B-LOC

305	Pengalaman	O
305	di	O
305	Hotel	B-HOTEL
305	Novotel	I-HOTEL
305	Kuta	B-LOC
305	,	O
305	kolam	B-ASPECT
305	terlalu	O
305	dingin	O

306	Pengalaman	O
306	di	O
306	Hotel	B-HOTEL
306	Grand	I-HOTEL
306	Candi	I-HOTEL
306	Solo	B-LOC
306	,	O
306	ada	O
306	wedang	O
306	jahe	O
306	kopi	O
306	mie	O
306	godok	O
306	chef	O

307	menu	B-ASPECT
307	sarapan	I-ASPECT
307	makan_malam	O
307	enak	O
307	,	O
307	ini	O
307	pendapat	O
307	saya	O
307	soal	O
307	Hotel	B-HOTEL
307	Ibis	I-HOTEL
307	di	O
307	Ubud	B-LOC

308	bisa	O
308	keliling	O
308	hotel	O
308	pakai	O
308	sepeda	O
308	hotel	O
308	,	O
308	ini	O
308	pendapat	O
308	saya	O
308	soal	O
308	Hotel	B-HOTEL
308	Aston	I-HOTEL
308	di	O
308	Jakarta	B-LOC

309	kekurangan	O
309	lokasi	B-ASPECT
309	sulit	O
309	dijangkau	O
309	,	O
309	ini	O
309	pendapat	O
309	saya	O
309	soal	O
309	Hotel	B-HOTEL
309	Novotel	I-HOTEL
309	di	O
309	Bali	B-LOC

310	Saya	O
310	menginap	O
310	di	O
310	Hotel	B-HOTEL
310	Patra	I-HOTEL
310	Jasa	I-HOTEL
310	di	O
310	Bali	B-LOC
310	,	O
310	ada	O
310	tambahan_biaya	O

311	sarapan	B-ASPECT
311	banyak	O
311	variasi	O
311	perut	O
311	tidak_kuat	O
311	coba	O
311	,	O
311	ini	O
311	pendapat	O
311	saya	O
311	soal	O
311	Hotel	B-HOTEL
311	Tentrem	I-HOTEL
311	di	O
311	Ubud	B-LOC

312	Ulasan	O
312	tamu	O
312	di	O
312	Hotel	B-HOTEL
312	Tentrem	I-HOTEL
312	Malang	B-LOC
312	:	O
312	sarapan	B-ASPECT
312	menemukan	O
312	semut	O
312	roti	O
312	kue	O

313	pemandangan	O
313	bagus	O
313	,	O
313	ini	O
313	pendapat	O
313	saya	O
313	soal	O
313	Hotel	B-HOTEL
313	Novotel	I-HOTEL
313	di	O
313	Jakarta	B-LOC

314	bersih	O
314	ruangan	O
314	kamar	B-ASPECT
314	,	O
314	ini	O
314	pendapat	O
314	saya	O
314	soal	O
314	Hotel	B-HOTEL
314	Gumaya	I-HOTEL
314	di	O
314	Bandung	B-LOC

315	Pengalaman	O
315	di	O
315	Hotel	B-HOTEL
315	Grand	I-HOTEL
315	Candi	I-HOTEL
315	Bandung	B-LOC
315	,	O
315	sarapan	B-ASPECT
315	tidak_enak	O

316	Ulasan	O
316	tamu	O
316	di	O
316	Hotel	B-HOTEL
316	Santika	I-HOTEL
316	Jakarta	B-LOC
316	:	O
316	ekonomis	O
316	hemat	O
316	kantong	O

317	Ulasan	O
317	tamu	O
317	di	O
317	Hotel	B-HOTEL
317	Horison	I-HOTEL
317	Jakarta	B-LOC
317	:	O
317	hanya	O
317	kerupuk	O
317	enak	O
317	lainnya	O
317	zonk	O

318	Saya	O
318	menginap	O
318	di	O
318	Hotel	B-HOTEL
318	Aston	I-HOTEL
318	di	O
318	Malang	B-LOC
318	,	O
318	wifi	B-ASPECT
318	buruk	O
318	suka	O
318	putus_putus	O

319	Pengalaman	O
319	di	O
319	Hotel	B-HOTEL
319	Santika	I-HOTEL
319	Jakarta	B-LOC
319	,	O
319	hotel	O
319	nyaman	O
319	strategis	B-ASPECT

320	fasilitas	B-ASPECT
320	hotel	O
320	jauh	O
320	dibayangkan	O
320	,	O
320	ini	O
320	pendapat	O
320	saya	O
320	soal	O
320	Hotel	B-HOTEL
320	Novotel	I-HOTEL
320	di	O
320	Ubud	B-LOC

321	shower	O
321	air_panas	O
321	normal	O
321	,	O
321	ini	O
321	pendapat	O
321	saya	O
321	soal	O
321	Hotel	B-HOTEL
321	Santika	I-HOTEL
321	di	O
321	Bali	B-LOC

322	Ulasan	O
322	tamu	O
322	di	O
322	Hotel	B-HOTEL
322	Novotel	I-HOTEL
322	Jakarta	B-LOC
322	:	O
322	ada	O
322	outdoor	O
322	playground	B-ASPECT
322	anak_kecil	O

323	Saya	O
323	menginap	O
323	di	O
323	Hotel	B-HOTEL
323	Ibis	I-HOTEL
323	di	O
323	Yogyakarta	B-LOC
323	,	O
323	pelayanan	B-ASPECT
323	staff	I-ASPECT
323	reto	O
323	sarapan	O
323	lambat	O
323	refill	O
323	makanan	O
323	minuman	O
323	habis	O

324	Ulasan	O
324	tamu	O
324	di	O
324	Hotel	B-HOTEL
324	Ciputra	I-HOTEL
324	Surabaya	B-LOC
324	:	O
324	lokasi	B-ASPECT
324	strategis	I-ASPECT
324	dekat	I-ASPECT
324	berpergian	O

325	Ulasan	O
325	tamu	O
325	di	O
325	Hotel	B-HOTEL
325	Gumaya	I-HOTEL
325	Yogyakarta	B-LOC
325	:	O
325	pelayanan	B-ASPECT
325	oke	O

326	Pengalaman	O
326	di	O
326	Hotel	B-HOTEL
326	Patra	I-HOTEL
326	Jasa	I-HOTEL
326	Bandung	B-LOC
326	,	O
326	buah	O
326	dikeliling	O
326	binatang	O
326	terbang	O

327	Pengalaman	O
327	di	O
327	Hotel	B-HOTEL
327	Grand	I-HOTEL
327	Candi	I-HOTEL
327	Semarang	B-LOC
327	,	O
327	tempat	O
327	strategis	B-ASPECT

328	Pengalaman	O
328	di	O
328	Hotel	B-HOTEL
328	Grand	I-HOTEL
328	Candi	I-HOTEL
328	Solo	B-LOC
328	,	O
328	pesan	O
328	aplikasi	O
328	harga	B-ASPECT
328	terjangkau	O

329	Saya	O
329	menginap	O
329	di	O
329	Hotel	B-HOTEL
329	Novotel	I-HOTEL
329	di	O
329	Malang	B-LOC
329	,	O
329	dekat	B-ASPECT
329	malioboro	O
329	dekat	B-ASPECT
329	gudeg	O
329	yudjum	O

330	tempat_tidur	O
330	cukup	O
330	baik	O
330	penerangan	O
330	cukup	O
330	baik	O
330	,	O
330	ini	O
330	pendapat	O
330	saya	O
330	soal	O
330	Hotel	B-HOTEL
330	Tentrem	I-HOTEL
330	di	O
330	Kuta	B-LOC

331	Saya	O
331	menginap	O
331	di	O
331	Hotel	B-HOTEL
331	Ibis	I-HOTEL
331	di	O
331	Bandung	B-LOC
331	,	O
331	ac	B-ASPECT
331	kuno	O

332	kamar_mandi	O
332	sempit	O
332	,	O
332	ini	O
332	pendapat	O
332	saya	O
332	soal	O
332	Hotel	B-HOTEL
332	Aston	I-HOTEL
332	di	O
332	Yogyakarta	B-LOC

333	hotel	O
333	letak	O
333	strategis	B-ASPECT
333	pusat_kota	O
333	,	O
333	ini	O
333	pendapat	O
333	saya	O
333	soal	O
333	Hotel	B-HOTEL
333	Ibis	I-HOTEL
333	di	O
333	Surabaya	B-LOC

334	Saya	O
334	menginap	O
334	di	O
334	Hotel	B-HOTEL
334	Ibis	I-HOTEL
334	di	O
334	Bandung	B-LOC
334	,	O
334	hotel	O
334	terhubung	O
334	mall	O

335	wastafel	O
335	mampet	O
335	,	O
335	ini	O
335	pendapat	O
335	saya	O
335	soal	O
335	Hotel	B-HOTEL
335	Patra	I-HOTEL
335	Jasa	I-HOTEL
335	di	O
335	Solo	B-LOC

336	layanan	O
336	makanan	O
336	tidak_termasuk	O
336	harga	B-ASPECT
336	sewa	O
336	kamar	O
336	,	O
336	ini	O
336	pendapat	O
336	saya	O
336	soal	O
336	Hotel	B-HOTEL
336	Ciputra	I-HOTEL
336	di	O
336	Semarang	B-LOC

337	Saya	O
337	menginap	O
337	di	O
337	Hotel	B-HOTEL
337	Ciputra	I-HOTEL
337	di	O
337	Kuta	B-LOC
337	,	O
337	kamar	B-ASPECT
337	sempit	O
337	sholat	O

338	Pengalaman	O
338	di	O
338	Hotel	B-HOTEL
338	Santika	I-HOTEL
338	Jakarta	B-LOC
338	,	O
338	sarapan	B-ASPECT
338	enak	O
338	segar	O
338	kualitas	O
338	bahan	O
338	menu	B-ASPECT
338	lengkap	O

339	kamar_mandi	O
339	luas	O
339	toilet	O
339	duduk	O
339	wastafel	O
339	,	O
339	ini	O
339	pendapat	O
339	saya	O
339	soal	O
339	Hotel	B-HOTEL
339	Ibis	I-HOTEL
339	di	O
339	Solo	B-LOC

340	Pengalaman	O
340	di	O
340	Hotel	B-HOTEL
340	Ciputra	I-HOTEL
340	Jakarta	B-LOC
340	,	O
340	fasilitas	O
340	kamar	B-ASPECT
340	lengkap	O
340	mulai	O
340	bathtub	O
340	hair_dryer	B-ASPECT
340	brankas	O
340	kulkas	O
340	lemari	O
340	heater	O
340	sandal	O
340	handuk	O

341	remote	O
341	tv	B-ASPECT
341	sulit	O
341	pindah	O
341	saluran	O
341	,	O
341	ini	O
341	pendapat	O
341	saya	O
341	soal	O
341	Hotel	B-HOTEL
341	Tentrem	I-HOTEL
341	di	O
341	Malang	B-LOC

342	staff	B-ASPECT
342	bersahabat	O
342	membantu	O
342	,	O
342	ini	O
342	pendapat	O
342	saya	O
342	soal	O
342	Hotel	B-HOTEL
342	Santika	I-HOTEL
342	di	O
342	Surabaya	B-LOC

343	Pengalaman	O
343	di	O
343	Hotel	B-HOTEL
343	Ibis	I-HOTEL
343	Bali	B-LOC
343	,	O
343	hotel	O
343	wow	O
343	harga	B-ASPECT
343	promo	O
343	murah	B-ASPECT
343	terus	O
343	promo	O
343	diskon	O

344	meminjam	O
344	mukena	O
344	diantar	O
344	cepat	O
344	,	O
344	ini	O
344	pendapat	O
344	saya	O
344	soal	O
344	Hotel	B-HOTEL
344	Ciputra	I-HOTEL
344	di	O
344	Semarang	B-LOC

345	Ulasan	O
345	tamu	O
345	di	O
345	Hotel	B-HOTEL
345	Ciputra	I-HOTEL
345	Semarang	B-LOC
345	:	O
345	makanan	B-ASPECT
345	ada	O
345	rambut	O

346	Pengalaman	O
346	di	O
346	Hotel	B-HOTEL
346	Ibis	I-HOTEL
346	Jakarta	B-LOC
346	,	O
346	waktu	O
346	takjil	O
346	buka_puasa	O
346	makanan	B-ASPECT
346	tidak_banyak	O
346	pilihan	O

347	Pengalaman	O
347	di	O
347	Hotel	B-HOTEL
347	Tentrem	I-HOTEL
347	Ubud	B-LOC
347	,	O
347	kamar	B-ASPECT
347	ditata	O
347	efisien	O

348	Pengalaman	O
348	di	O
348	Hotel	B-HOTEL
348	Tentrem	I-HOTEL
348	Surabaya	B-LOC
348	,	O
348	letak	O
348	dekat	B-ASPECT
348	malioboro	O
348	deket	O
348	kemana_mana	B-ASPECT

349	Ulasan	O
349	tamu	O
349	di	O
349	Hotel	B-HOTEL
349	Aston	I-HOTEL
349	Yogyakarta	B-LOC
349	:	O
349	tidak_ada	O
349	parkir	O
349	motor	O

350	Ulasan	O
350	tamu	O
350	di	O
350	Hotel	B-HOTEL
350	Ciputra	I-HOTEL
350	Jakarta	B-LOC
350	:	O
350	tempat	O
350	cocok	O
350	acara	O
350	wedding	O

351	Saya	O
351	menginap	O
351	di	O
351	Hotel	B-HOTEL
351	Ibis	I-HOTEL
351	di	O
351	Bali	B-LOC
351	,	O
351	lokasi	B-ASPECT
351	dekat	B-ASPECT
351	kampus	O
351	dekat	B-ASPECT
351	hartono_mall	O

352	Pengalaman	O
352	di	O
352	Hotel	B-HOTEL
352	Santika	I-HOTEL
352	Solo	B-LOC
352	,	O
352	lintas	O
352	depan	O
352	hotel	O
352	padat	O

353	Saya	O
353	menginap	O
353	di	O
353	Hotel	B-HOTEL
353	Gumaya	I-HOTEL
353	di	O
353	Bandung	B-LOC
353	,	O
353	tidak_ada	O
353	mobil	O
353	golf	O

354	Pengalaman	O
354	di	O
354	Hotel	B-HOTEL
354	Aston	I-HOTEL
354	Kuta	B-LOC
354	,	O
354	lobi	B-ASPECT
354	panas	O

355	Pengalaman	O
355	di	O
355	Hotel	B-HOTEL
355	Horison	I-HOTEL
355	Kuta	B-LOC
355	,	O
355	makanan	O
355	murah	O
355	sekeliling	O
355	hotel	O

356	ramah	B-ASPECT
356	senang	O
356	pelayanan	B-ASPECT
356	,	O
356	ini	O
356	pendapat	O
356	saya	O
356	soal	O
356	Hotel	B-HOTEL
356	Aston	I-HOTEL
356	di	O
356	Solo	B-LOC

357	Ulasan	O
357	tamu	O
357	di	O
357	Hotel	B-HOTEL
357	Ciputra	I-HOTEL
357	Bali	B-LOC
357	:	O
357	kecewa	O
357	awal	O
357	checkin	O
357	tidak_sesuai	O
357	pesanan	O

358	Saya	O
358	menginap	O
358	di	O
358	Hotel	B-HOTEL
358	Patra	I-HOTEL
358	Jasa	I-HOTEL
358	di	O
358	Yogyakarta	B-LOC
358	,	O
358	fasilitas	B-ASPECT
358	lengkap	O
358	terutama	O
358	kolam_renang	O
358	asri	O
358	menjadi	O
358	alasan	O
358	utama	O
358	orang	O
358	tertarik	O
358	menginap	O
358	hotel	O

359	Pengalaman	O
359	di	O
359	Hotel	B-HOTEL
359	Tentrem	I-HOTEL
359	Malang	B-LOC
359	,	O
359	kamar	B-ASPECT
359	tidak_berkarpet	O

360	Ulasan	O
360	tamu	O
360	di	O
360	Hotel	B-HOTEL
360	Santika	I-HOTEL
360	Malang	B-LOC
360	:	O
360	satpam	B-ASPECT
360	pilih	O
360	kasih	O
360	naik	O
360	mobil	O
360	tidak_dipersika	O
360	naik	O
360	motor	O
360	butut	O
360	diperiksa	O
360	tidak_perlu	O
360	pilih	O
360	kasih	O

361	Ulasan	O
361	tamu	O
361	di	O
361	Hotel	B-HOTEL
361	Ciputra	I-HOTEL
361	Kuta	B-LOC
361	:	O
361	harga	B-ASPECT
361	tidak_reasonable	O

362	Pengalaman	O
362	di	O
362	Hotel	B-HOTEL
362	Patra	I-HOTEL
362	Jasa	I-HOTEL
362	Bali	B-LOC
362	,	O
362	sudut	O
362	bawah	O
362	meja	O
362	kamar	B-ASPECT
362	bersih	O
362	tidak_debu	O

363	Pengalaman	O
363	di	O
363	Hotel	B-HOTEL
363	Ibis	I-HOTEL
363	Malang	B-LOC
363	,	O
363	tidak_puas	O
363	pelayanan	B-ASPECT
363	hotel	O

364	awal	O
364	datang	O
364	tidak_ada	O
364	staff	B-ASPECT
364	bantu	O
364	angkat	O
364	koper	O
364	,	O
364	ini	O
364	pendapat	O
364	saya	O
364	soal	O
364	Hotel	B-HOTEL
364	Santika	I-HOTEL
364	di	O
364	Surabaya	B-LOC

365	Pengalaman	O
365	di	O
365	Hotel	B-HOTEL
365	Grand	I-HOTEL
365	Candi	I-HOTEL
365	Ubud	B-LOC
365	,	O
365	ada	O
365	anak	O
365	kecoa	O
365	prasmanan	O
365	makanan	B-ASPECT

366	Ulasan	O
366	tamu	O
366	di	O
366	Hotel	B-HOTEL
366	Ibis	I-HOTEL
366	Surabaya	B-LOC
366	:	O
366	lobi	B-ASPECT
366	baik	O
366	interior	O

367	makanan	B-ASPECT
367	tidak_enak	O
367	lidah	O
367	,	O
367	ini	O
367	pendapat	O
367	saya	O
367	soal	O
367	Hotel	B-HOTEL
367	Patra	I-HOTEL
367	Jasa	I-HOTEL
367	di	O
367	Solo	B-LOC

368	Ulasan	O
368	tamu	O
368	di	O
368	Hotel	B-HOTEL
368	Santika	I-HOTEL
368	Bandung	B-LOC
368	:	O
368	toilet	O
368	driver	O
368	hotel	O
368	tidak_banyak	O

369	tempat_parkir	O
369	lebih_baik	O
369	diberi	O
369	atap	O
369	tidak_kehujanan	O
369	,	O
369	ini	O
369	pendapat	O
369	saya	O
369	soal	O
369	Hotel	B-HOTEL
369	Grand	I-HOTEL
369	Candi	I-HOTEL
369	di	O
369	Solo	B-LOC

370	Saya	O
370	menginap	O
370	di	O
370	Hotel	B-HOTEL
370	Santika	I-HOTEL
370	di	O
370	Yogyakarta	B-LOC
370	,	O
370	makanan	O
370	kosong	O
370	terlambat	O
370	refill	O
370	sarapan	O
370	makan_siang	O

371	lengkap	O
371	ada	O
371	banyak	O
371	menu	B-ASPECT
371	indonesia	O
371	,	O
371	ini	O
371	pendapat	O
371	saya	O
371	soal	O
371	Hotel	B-HOTEL
371	Horison	I-HOTEL
371	di	O
371	Bandung	B-LOC

372	rooftop	O
372	asik	O
372	nongkrong	O
372	,	O
372	ini	O
372	pendapat	O
372	saya	O
372	soal	O
372	Hotel	B-HOTEL
372	Patra	I-HOTEL
372	Jasa	I-HOTEL
372	di	O
372	Bali	B-LOC

373	harga	B-ASPECT
373	tidak_kuras	O
373	kantong	O
373	,	O
373	ini	O
373	pendapat	O
373	saya	O
373	soal	O
373	Hotel	B-HOTEL
373	Ibis	I-HOTEL
373	di	O
373	Bandung	B-LOC

374	nanjak	O
374	tinggi	O
374	jauh	O
374	tempat_parkir	O
374	,	O
374	ini	O
374	pendapat	O
374	saya	O
374	soal	O
374	Hotel	B-HOTEL
374	Santika	I-HOTEL
374	di	O
374	Jakarta	B-LOC

375	Pengalaman	O
375	di	O
375	Hotel	B-HOTEL
375	Ciputra	I-HOTEL
375	Semarang	B-LOC
375	,	O
375	pesan	O
375	makanan	O
375	harga	B-ASPECT
375	cukup	O
375	mahal	B-ASPECT

376	pemandangan	O
376	nyaman	O
376	,	O
376	ini	O
376	pendapat	O
376	saya	O
376	soal	O
376	Hotel	B-HOTEL
376	Tentrem	I-HOTEL
376	di	O
376	Jakarta	B-LOC

377	Ulasan	O
377	tamu	O
377	di	O
377	Hotel	B-HOTEL
377	Tentrem	I-HOTEL
377	Bali	B-LOC
377	:	O
377	harga	B-ASPECT
377	tawarkan	O
377	mahal	B-ASPECT

378	Pengalaman	O
378	di	O
378	Hotel	B-HOTEL
378	Novotel	I-HOTEL
378	Kuta	B-LOC
378	,	O
378	sarapan	B-ASPECT
378	enak	O
378	lengkap	O
378	auce	O

379	Pengalaman	O
379	di	O
379	Hotel	B-HOTEL
379	Grand	I-HOTEL
379	Candi	I-HOTEL
379	Malang	B-LOC
379	,	O
379	harga	B-ASPECT
379	perlu	O
379	ada	O
379	promo	O

380	tidak_maximal	O
380	pelayanan	B-ASPECT
380	,	O
380	ini	O
380	pendapat	O
380	saya	O
380	soal	O
380	Hotel	B-HOTEL
380	Tentrem	I-HOTEL
380	di	O
380	Yogyakarta	B-LOC

381	Ulasan	O
381	tamu	O
381	di	O
381	Hotel	B-HOTEL
381	Santika	I-HOTEL
381	Surabaya	B-LOC
381	:	O
381	kasur	B-ASPECT
381	kaki	O
381	bawah	O
381	mudah	O
381	copot	O

382	Saya	O
382	menginap	O
382	di	O
382	Hotel	B-HOTEL
382	Grand	I-HOTEL
382	Candi	I-HOTEL
382	di	O
382	Bali	B-LOC
382	,	O
382	hotel	O
382	angkat	O
382	tema	O
382	industrial	O

383	Saya	O
383	menginap	O
383	di	O
383	Hotel	B-HOTEL
383	Aston	I-HOTEL
383	di	O
383	Ubud	B-LOC
383	,	O
383	akses	B-ASPECT
383	masuk	O
383	hotel	O
383	sulit	O
383	gang	O
383	sempit	O
383	hanya	O
383	cukup	O
383	satu	O
383	mobil	O

384	Saya	O
384	menginap	O
384	di	O
384	Hotel	B-HOTEL
384	Santika	I-HOTEL
384	di	O
384	Kuta	B-LOC
384	,	O
384	menu	B-ASPECT
384	minim	O
384	seadanya	O

385	Saya	O
385	menginap	O
385	di	O
385	Hotel	B-HOTEL
385	Ibis	I-HOTEL
385	di	O
385	Surabaya	B-LOC
385	,	O
385	sarapan	B-ASPECT
385	bisa	O
385	buat	O
385	roti_bakar	O
385	sendiri	O

386	Ulasan	O
386	tamu	O
386	di	O
386	Hotel	B-HOTEL
386	Novotel	I-HOTEL
386	Bandung	B-LOC
386	:	O
386	puas	O
386	pelayanan	B-ASPECT

387	Saya	O
387	menginap	O
387	di	O
387	Hotel	B-HOTEL
387	Ciputra	I-HOTEL
387	di	O
387	Bandung	B-LOC
387	,	O
387	makanan	B-ASPECT
387	sederhana	O

388	Saya	O
388	menginap	O
388	di	O
388	Hotel	B-HOTEL
388	Horison	I-HOTEL
388	di	O
388	Solo	B-LOC
388	,	O
388	lokasi	B-ASPECT
388	prima	O
388	pusat_kota	O
388	dekat	B-ASPECT
388	pusat	O
388	perbelanjaan	O

389	Saya	O
389	menginap	O
389	di	O
389	Hotel	B-HOTEL
389	Santika	I-HOTEL
389	di	O
389	Semarang	B-LOC
389	,	O
389	hotel	O
389	ramah	B-ASPECT
389	staff	I-ASPECT

390	Saya	O
390	menginap	O
390	di	O
390	Hotel	B-HOTEL
390	Grand	I-HOTEL
390	Candi	I-HOTEL
390	di	O
390	Bali	B-LOC
390	,	O
390	sewa	O
390	bayar	B-ASPECT
390	delapan_ribu	O
390	handuk	O

391	Ulasan	O
391	tamu	O
391	di	O
391	Hotel	B-HOTEL
391	Ibis	I-HOTEL
391	Bali	B-LOC
391	:	O
391	letak	O
391	dekat	B-ASPECT
391	pusat_kota	O
391	jogja	O

392	Ulasan	O
392	tamu	O
392	di	O
392	Hotel	B-HOTEL
392	Aston	I-HOTEL
392	Solo	B-LOC
392	:	O
392	harga	B-ASPECT
392	cocok	O
392	perjalanan	O
392	backpacker	O

393	Ulasan	O
393	tamu	O
393	di	O
393	Hotel	B-HOTEL
393	Aston	I-HOTEL
393	Malang	B-LOC
393	:	O
393	sprei	B-ASPECT
393	lengket	O
393	jorok	O
393	seperti	O
393	bekas	O
393	tamu	O
393	pijat	O
393	tidak_diganti	O

394	menu	B-ASPECT
394	resto	O
394	enak	O
394	pas	O
394	lidah	O
394	,	O
394	ini	O
394	pendapat	O
394	saya	O
394	soal	O
394	Hotel	B-HOTEL
394	Santika	I-HOTEL
394	di	O
394	Jakarta	B-LOC

395	Ulasan	O
395	tamu	O
395	di	O
395	Hotel	B-HOTEL
395	Novotel	I-HOTEL
395	Kuta	B-LOC
395	:	O
395	waffle	O
395	enak	O

396	Saya	O
396	menginap	O
396	di	O
396	Hotel	B-HOTEL
396	Patra	I-HOTEL
396	Jasa	I-HOTEL
396	di	O
396	Kuta	B-LOC
396	,	O
396	sarapan	B-ASPECT
396	luar_biasa	O

397	Pengalaman	O
397	di	O
397	Hotel	B-HOTEL
397	Ibis	I-HOTEL
397	Semarang	B-LOC
397	,	O
397	staff	B-ASPECT
397	kolam_renang	O
397	galak	O
397	tidak_ramah	O

398	Ulasan	O
398	tamu	O
398	di	O
398	Hotel	B-HOTEL
398	Patra	I-HOTEL
398	Jasa	I-HOTEL
398	Semarang	B-LOC
398	:	O
398	cocok	O
398	backpacker	O

399	layanan	B-ASPECT
399	buruk	O
399	,	O
399	ini	O
399	pendapat	O
399	saya	O
399	soal	O
399	Hotel	B-HOTEL
399	Patra	I-HOTEL
399	Jasa	I-HOTEL
399	di	O
399	Malang	B-LOC

